t,slip_2,slip_3,slip_rate_2,slip_rate_3,shear_stress_2,shear_stress_3,pore_pressure,darcy_vel_2,darcy_vel_3,state
0.00000000e+00,0.00000000e+00,0.00000000e+00,-1.20000000e+01,-2.00000000e+01,1.46000000e+01,0.00000000e+00,0.00000000e+00,0.00000000e+00,0.00000000e+00,1.16041000e+01
5.00000000e+03,5.00001200e-09,1.45942200e-18,-1.20000000e+01,-2.11323800e+01,1.46000000e+01,1.08583100e-08,8.57034500e-07,-7.39870900e-12,-7.39870900e-12,1.16040900e+01
1.05000000e+04,1.05000800e-08,1.12440000e-17,-1.19999900e+01,-2.04908300e+01,1.46000000e+01,4.73774600e-08,9.33401900e-06,-5.06180700e-11,-5.06180700e-11,1.16040900e+01
1.55000000e+04,1.55002900e-08,3.97690300e-17,-1.19999700e+01,-2.00475700e+01,1.46000000e+01,1.31353600e-07,3.92945700e-05,-1.62390500e-10,-1.62390500e-10,1.16040900e+01
2.10000000e+04,2.10009700e-08,1.25415400e-16,-1.19999200e+01,-1.96111300e+01,1.46000000e+01,3.58677700e-07,1.27890500e-04,-4.24672000e-10,-4.24672000e-10,1.16040800e+01
2.65000000e+04,2.65027000e-08,3.52359900e-16,-1.19998000e+01,-1.91946400e+01,1.46000000e+01,9.35460400e-07,3.22104700e-04,-9.02258600e-10,-9.02258600e-10,1.16040800e+01
3.15000000e+04,3.15060900e-08,8.58955300e-16,-1.19996000e+01,-1.88230600e+01,1.46000000e+01,2.19974100e-06,6.41959900e-04,-1.58321500e-09,-1.58321500e-09,1.16040700e+01
3.70000000e+04,3.70132700e-08,2.22616200e-15,-1.19992400e+01,-1.84199100e+01,1.46000100e+01,5.56048700e-06,1.21677300e-03,-2.66406400e-09,-2.66406400e-09,1.16040700e+01
4.20000000e+04,4.20247200e-08,5.19634200e-15,-1.19987400e+01,-1.80603300e+01,1.46000200e+01,1.27091400e-05,2.00365000e-03,-3.99347400e-09,-3.99347400e-09,1.16040600e+01
4.75000000e+04,4.75453900e-08,1.29166100e-14,-1.19979500e+01,-1.76775800e+01,1.46000500e+01,3.06143600e-05,3.23096800e-03,-5.87768200e-09,-5.87768200e-09,1.16040600e+01
5.30000000e+04,5.30781100e-08,3.10352200e-14,-1.19968400e+01,-1.73179200e+01,1.46001200e+01,6.98594100e-05,4.90946100e-03,-8.23369900e-09,-8.23369900e-09,1.16040500e+01
5.80000000e+04,5.81221900e-08,6.57336100e-14,-1.19954800e+01,-1.70231900e+01,1.46002400e+01,1.37189500e-04,6.88545000e-03,-1.08006300e-08,-1.08006300e-08,1.16040500e+01
6.35000000e+04,6.36915700e-08,1.39465900e-13,-1.19935500e+01,-1.67462600e+01,1.46004500e+01,2.58255600e-04,9.61218100e-03,-1.40985700e-08,-1.40985700e-08,1.16040400e+01
6.90000000e+04,6.92889400e-08,2.70286300e-13,-1.19911200e+01,-1.65187200e+01,1.46007600e+01,4.33541700e-04,1.29713000e-02,-1.78907700e-08,-1.78907700e-08,1.16040400e+01
7.40000000e+04,7.44075600e-08,4.57924100e-13,-1.19884400e+01,-1.63423100e+01,1.46011300e+01,6.46767900e-04,1.66125200e-02,-2.17579900e-08,-2.17579900e-08,1.16040300e+01
7.95000000e+04,8.00783900e-08,7.67904700e-13,-1.19848900e+01,-1.61635100e+01,1.46017000e+01,9.68374100e-04,2.12983700e-02,-2.64574200e-08,-2.64574200e-08,1.16040300e+01
8.45000000e+04,8.52779500e-08,1.18262500e-12,-1.19810200e+01,-1.60043300e+01,1.46024300e+01,1.38474800e-03,2.62001600e-02,-3.11161600e-08,-3.11161600e-08,1.16040200e+01
9.00000000e+04,9.10564900e-08,1.85179400e-12,-1.19759300e+01,-1.58322700e+01,1.46035700e+01,2.03394300e-03,3.23171900e-02,-3.66415400e-08,-3.66415400e-08,1.16040200e+01
9.51090000e+04,9.64910200e-08,2.75484500e-12,-1.19702800e+01,-1.56789200e+01,1.46050200e+01,2.85755500e-03,3.86931700e-02,-4.21267700e-08,-4.21267700e-08,1.16040200e+01
9.92107917e+04,1.00909300e-07,3.74179200e-12,-1.19650900e+01,-1.55623300e+01,1.46065100e+01,3.69312400e-03,4.43008200e-02,-4.67598800e-08,-4.67598800e-08,1.16040100e+01
1.03427800e+05,1.05510200e-07,5.06269900e-12,-1.19591300e+01,-1.54497000e+01,1.46083400e+01,4.72175300e-03,5.05189800e-02,-5.17204900e-08,-5.17204900e-08,1.16040100e+01
1.07577817e+05,1.10103300e-07,6.72920100e-12,-1.19526600e+01,-1.53461700e+01,1.46104700e+01,5.90471200e-03,5.70841000e-02,-5.67834500e-08,-5.67834500e-08,1.16040000e+01
1.11354296e+05,1.14345600e-07,8.61668000e-12,-1.19462500e+01,-1.52589400e+01,1.46126600e+01,7.11327500e-03,6.34396500e-02,-6.15353300e-08,-6.15353300e-08,1.16040000e+01
1.15742646e+05,1.19357700e-07,1.13188500e-11,-1.19381900e+01,-1.51649300e+01,1.46155200e+01,8.67244000e-03,7.12755800e-02,-6.72162500e-08,-6.72162500e-08,1.16040000e+01
1.19433971e+05,1.23650200e-07,1.40826700e-11,-1.19306600e+01,-1.50876800e+01,1.46183000e+01,1.01841600e-02,7.82396400e-02,-7.21174000e-08,-7.21174000e-08,1.16039900e+01
1.22992175e+05,1.27862100e-07,1.72537100e-11,-1.19227600e+01,-1.50136200e+01,1.46214000e+01,1.18620900e-02,8.52710200e-02,-7.69391000e-08,-7.69391000e-08,1.16039900e+01
1.26245363e+05,1.31783200e-07,2.06625900e-11,-1.19149700e+01,-1.49468300e+01,1.46246000e+01,1.35909400e-02,9.19684400e-02,-8.14241400e-08,-8.14241400e-08,1.16039800e+01
1.29035858e+05,1.35205000e-07,2.40324100e-11,-1.19078200e+01,-1.48900000e+01,1.46276600e+01,1.52413200e-02,9.79144600e-02,-8.53250400e-08,-8.53250400e-08,1.16039800e+01
1.32043337e+05,1.38958500e-07,2.81922900e-11,-1.18996400e+01,-1.48292000e+01,1.46313000e+01,1.72081400e-02,1.04527200e-01,-8.95804900e-08,-8.95804900e-08,1.16039800e+01
1.35318879e+05,1.43129700e-07,3.34177300e-11,-1.18904000e+01,-1.47668700e+01,1.46354300e+01,1.94502800e-02,1.11965400e-01,-9.42706100e-08,-9.42706100e-08,1.16039700e+01
1.38363417e+05,1.47087600e-07,3.89581400e-11,-1.18817100e+01,-1.47144200e+01,1.46392200e+01,2.15183000e-02,1.19096300e-01,-9.86774300e-08,-9.86774300e-08,1.16039700e+01
1.41807487e+05,1.51662100e-07,4.60476500e-11,-1.18717100e+01,-1.46596900e+01,1.46435000e+01,2.38599800e-02,1.27410300e-01,-1.03712400e-07,-1.03712400e-07,1.16039700e+01
1.44977908e+05,1.55968400e-07,5.33852400e-11,-1.18623100e+01,-1.46123900e+01,1.46474900e+01,2.60421300e-02,1.35291100e-01,-1.08389500e-07,-1.08389500e-07,1.16039600e+01
1.48704096e+05,1.61150100e-07,6.30387800e-11,-1.18513600e+01,-1.45625600e+01,1.46519700e+01,2.84888600e-02,1.44825000e-01,-1.13932200e-07,-1.13932200e-07,1.16039600e+01
1.53081471e+05,1.67402500e-07,7.57410400e-11,-1.18391000e+01,-1.45141000e+01,1.46565100e+01,3.09745800e-02,1.56388500e-01,-1.20498100e-07,-1.20498100e-07,1.16039500e+01
1.57940958e+05,1.74549600e-07,9.14434800e-11,-1.18258200e+01,-1.44685000e+01,1.46609400e+01,3.33788500e-02,1.69670500e-01,-1.27844900e-07,-1.27844900e-07,1.16039500e+01
1.63440958e+05,1.82907900e-07,1.11192100e-10,-1.18107000e+01,-1.44222800e+01,1.46655900e+01,3.58687200e-02,1.85251500e-01,-1.36218500e-07,-1.36218500e-07,1.16039400e+01
1.68940958e+05,1.91564300e-07,1.33069100e-10,-1.17953200e+01,-1.43791200e+01,1.46701200e+01,3.82505000e-02,2.01391400e-01,-1.44637700e-07,-1.44637700e-07,1.16039300e+01
1.73940958e+05,1.99708600e-07,1.54911700e-10,-1.17808500e+01,-1.43404600e+01,1.46744000e+01,4.04540500e-02,2.16527800e-01,-1.52318100e-07,-1.52318100e-07,1.16039300e+01
1.79440958e+05,2.08995000e-07,1.81324500e-10,-1.17640700e+01,-1.42966700e+01,1.46795800e+01,4.30654600e-02,2.33665200e-01,-1.60782200e-07,-1.60782200e-07,1.16039200e+01
1.84440958e+05,2.17765000e-07,2.07836100e-10,-1.17477200e+01,-1.42542400e+01,1.46850200e+01,4.57480900e-02,2.49667900e-01,-1.68480400e-07,-1.68480400e-07,1.16039100e+01
1.89940958e+05,2.27818900e-07,2.40309600e-10,-1.17281000e+01,-1.42030400e+01,1.46922000e+01,4.92236000e-02,2.67714400e-01,-1.76941300e-07,-1.76941300e-07,1.16039000e+01
1.94896975e+05,2.37299000e-07,2.73260800e-10,-1.17082100e+01,-1.41509000e+01,1.47002300e+01,5.30468500e-02,2.84356900e-01,-1.84550200e-07,-1.84550200e-07,1.16038900e+01
1.98458871e+05,2.44399900e-07,2.99660500e-10,-1.16923700e+01,-1.41090400e+01,1.47072500e+01,5.63478700e-02,2.96532600e-01,-1.90005300e-07,-1.90005300e-07,1.16038900e+01
2.01720054e+05,2.51141500e-07,3.26260600e-10,-1.16767400e+01,-1.40679500e+01,1.47146300e+01,5.97775500e-02,3.07831500e-01,-1.94987700e-07,-1.94987700e-07,1.16038800e+01
2.04572233e+05,2.57245500e-07,3.51720700e-10,-1.16623500e+01,-1.40308500e+01,1.47216900e+01,6.30169100e-02,3.17827800e-01,-1.99334100e-07,-1.99334100e-07,1.16038800e+01
2.07096962e+05,2.62822600e-07,3.76154100e-10,-1.16492900e+01,-1.39979100e+01,1.47282500e+01,6.59987800e-02,3.26762700e-01,-2.03172100e-07,-2.03172100e-07,1.16038700e+01
2.10288446e+05,2.70116300e-07,4.09762700e-10,-1.16328600e+01,-1.39578400e+01,1.47364300e+01,6.97283600e-02,3.38168800e-01,-2.08009800e-07,-2.08009800e-07,1.16038600e+01
2.13461100e+05,2.77644300e-07,4.46304300e-10,-1.16166800e+01,-1.39199500e+01,1.47443400e+01,7.33429600e-02,3.49628000e-01,-2.12802400e-07,-2.12802400e-07,1.16038600e+01
2.17512133e+05,2.87673000e-07,4.97743700e-10,-1.15960800e+01,-1.38733800e+01,1.47543400e+01,7.79130500e-02,3.64427800e-01,-2.18895900e-07,-2.18895900e-07,1.16038500e+01
2.22843025e+05,3.01607200e-07,5.74042800e-10,-1.15695400e+01,-1.38166200e+01,1.47667600e+01,8.35964400e-02,3.84177500e-01,-2.26866600e-07,-2.26866600e-07,1.16038400e+01
2.27843025e+05,3.15466400e-07,6.54852500e-10,-1.15451000e+01,-1.37673500e+01,1.47776100e+01,8.85831100e-02,4.02974100e-01,-2.34288400e-07,-2.34288400e-07,1.16038200e+01
2.33343025e+05,3.31634400e-07,7.54667200e-10,-1.15184600e+01,-1.37158600e+01,1.47891200e+01,9.38725100e-02,4.23939600e-01,-2.42387200e-07,-2.42387200e-07,1.16038100e+01
2.38843025e+05,3.48826000e-07,8.66797800e-10,-1.14917500e+01,-1.36661300e+01,1.48004700e+01,9.90589300e-02,4.45191700e-01,-2.50413300e-07,-2.50413300e-07,1.16038000e+01
2.43843025e+05,3.65403400e-07,9.80358600e-10,-1.14672200e+01,-1.36218300e+01,1.48108300e+01,1.03745300e-01,4.64746800e-01,-2.57643500e-07,-2.57643500e-07,1.16037800e+01
2.49343025e+05,3.84764000e-07,1.11934400e-09,-1.14397000e+01,-1.35734100e+01,1.48225200e+01,1.08945600e-01,4.86501900e-01,-2.65520500e-07,-2.65520500e-07,1.16037600e+01
2.54343025e+05,4.03477000e-07,1.25989900e-09,-1.14139500e+01,-1.35291500e+01,1.48336400e+01,1.13777900e-01,5.06489500e-01,-2.72609700e-07,-2.72609700e-07,1.16037500e+01
2.59843025e+05,4.25406300e-07,1.43207400e-09,-1.13847700e+01,-1.34801300e+01,1.48464700e+01,1.19193400e-01,5.28694200e-01,-2.80326400e-07,-2.80326400e-07,1.16037300e+01
2.65343025e+05,4.48869500e-07,1.62456900e-09,-1.13554400e+01,-1.34327000e+01,1.48592400e+01,1.24372700e-01,5.51114900e-01,-2.87955900e-07,-2.87955900e-07,1.16037100e+01
2.70343025e+05,4.71603400e-07,1.81808200e-09,-1.13293700e+01,-1.33925600e+01,1.48701700e+01,1.28565200e-01,5.71674200e-01,-2.94814300e-07,-2.94814300e-07,1.16036900e+01
2.75843025e+05,4.98226900e-07,2.05201800e-09,-1.13009600e+01,-1.33505200e+01,1.48818000e+01,1.32768100e-01,5.94472900e-01,-3.02271800e-07,-3.02271800e-07,1.16036700e+01
2.81343025e+05,5.26660000e-07,2.30950100e-09,-1.12721700e+01,-1.33090100e+01,1.48936300e+01,1.36820800e-01,6.17452900e-01,-3.09637300e-07,-3.09637300e-07,1.16036400e+01
2.86343025e+05,5.54220000e-07,2.56605100e-09,-1.12452100e+01,-1.32707300e+01,1.49049300e+01,1.40545800e-01,6.38492100e-01,-3.16252300e-07,-3.16252300e-07,1.16036200e+01
2.91843025e+05,5.86621700e-07,2.87610600e-09,-1.12143200e+01,-1.32271900e+01,1.49183400e+01,1.44829400e-01,6.61789000e-01,-3.23439200e-07,-3.23439200e-07,1.16035900e+01
2.96843025e+05,6.18200600e-07,3.18695300e-09,-1.11847300e+01,-1.31856500e+01,1.49317400e+01,1.49005500e-01,6.83099900e-01,-3.29890600e-07,-3.29890600e-07,1.16035600e+01
3.02301700e+05,6.55310900e-07,3.56326200e-09,-1.11502100e+01,-1.31372600e+01,1.49481500e+01,1.54011300e-01,7.06501100e-01,-3.36844100e-07,-3.36844100e-07,1.16035300e+01
3.07021367e+05,6.89974800e-07,3.92581700e-09,-1.11176100e+01,-1.30915800e+01,1.49645100e+01,1.58892000e-01,7.26842300e-01,-3.42780000e-07,-3.42780000e-07,1.16035000e+01
3.10640838e+05,7.18454600e-07,4.23205700e-09,-1.10903900e+01,-1.30533600e+01,1.49789800e+01,1.63124900e-01,7.42506400e-01,-3.47284200e-07,-3.47284200e-07,1.16034700e+01
3.14109875e+05,7.47557000e-07,4.55323400e-09,-1.10619000e+01,-1.30132700e+01,1.49949600e+01,1.67719200e-01,7.57569700e-01,-3.51562200e-07,-3.51562200e-07,1.16034500e+01
3.17462888e+05,7.77649200e-07,4.89462900e-09,-1.10318300e+01,-1.29708700e+01,1.50127300e+01,1.72755800e-01,7.72173900e-01,-3.55660900e-07,-3.55660900e-07,1.16034200e+01
3.20468954e+05,8.06536500e-07,5.23164600e-09,-1.10026000e+01,-1.29297200e+01,1.50305600e+01,1.77771100e-01,7.85302900e-01,-3.59305400e-07,-3.59305400e-07,1.16034000e+01
3.23772900e+05,8.40699700e-07,5.64227100e-09,-1.09682600e+01,-1.28814700e+01,1.50521700e+01,1.83817500e-01,7.99770600e-01,-3.63278200e-07,-3.63278200e-07,1.16033700e+01
3.27298325e+05,8.80327500e-07,6.13488700e-09,-1.09303100e+01,-1.28283700e+01,1.50763800e+01,1.90651900e-01,8.15249900e-01,-3.67479700e-07,-3.67479700e-07,1.16033300e+01
3.31274296e+05,9.29394800e-07,6.76782200e-09,-1.08875100e+01,-1.27687200e+01,1.51034600e+01,1.98551100e-01,8.32757400e-01,-3.72171600e-07,-3.72171600e-07,1.16032900e+01
3.35530546e+05,9.87473000e-07,7.54746500e-09,-1.08431000e+01,-1.27064800e+01,1.51312000e+01,2.07254400e-01,8.51555200e-01,-3.77139500e-07,-3.77139500e-07,1.16032400e+01
3.39855125e+05,1.05285200e-06,8.46295400e-09,-1.07981200e+01,-1.26424400e+01,1.51591800e+01,2.16956300e-01,8.70711100e-01,-3.82129800e-07,-3.82129800e-07,1.16031800e+01
3.45160796e+05,1.14318500e-06,9.79646200e-09,-1.07394000e+01,-1.25567100e+01,1.51964200e+01,2.31460000e-01,8.94286700e-01,-3.88173400e-07,-3.88173400e-07,1.16031000e+01
3.50160796e+05,1.24101100e-06,1.13405400e-08,-1.06771300e+01,-1.24634000e+01,1.52373300e+01,2.49274100e-01,9.16574800e-01,-3.93789600e-07,-3.93789600e-07,1.16030200e+01
3.55660796e+05,1.36746200e-06,1.35091400e-08,-1.05994700e+01,-1.23453800e+01,1.52901300e+01,2.74497600e-01,9.41166400e-01,-3.99879000e-07,-3.99879000e-07,1.16029100e+01
3.61160796e+05,1.52012800e-06,1.63960900e-08,-1.05142400e+01,-1.22166400e+01,1.53492900e+01,3.04576000e-01,9.65831500e-01,-4.05875700e-07,-4.05875700e-07,1.16027700e+01
3.66160796e+05,1.68816000e-06,1.98881000e-08,-1.04339900e+01,-1.20981200e+01,1.54052600e+01,3.33847100e-01,9.88312800e-01,-4.11235800e-07,-4.11235800e-07,1.16026300e+01
3.71660796e+05,1.91285900e-06,2.49940300e-08,-1.03450600e+01,-1.19702300e+01,1.54671400e+01,3.66646000e-01,1.01309300e+00,-4.16999300e-07,-4.16999300e-07,1.16024300e+01
3.77160796e+05,2.18852100e-06,3.18161600e-08,-1.02565800e+01,-1.18463800e+01,1.55283600e+01,3.99318200e-01,1.03790000e+00,-4.22571400e-07,-4.22571400e-07,1.16021900e+01
3.82160796e+05,2.49247800e-06,3.99134600e-08,-1.01771600e+01,-1.17378200e+01,1.55829100e+01,4.28535500e-01,1.06044000e+00,-4.27414900e-07,-4.27414900e-07,1.16019200e+01
3.87660796e+05,2.89703000e-06,5.14391800e-08,-1.00913300e+01,-1.16229000e+01,1.56413900e+01,4.59940500e-01,1.08516800e+00,-4.32432700e-07,-4.32432700e-07,1.16015700e+01
3.92660796e+05,3.34017500e-06,6.48543900e-08,-1.00149100e+01,-1.15224200e+01,1.56930100e+01,4.87753300e-01,1.10753300e+00,-4.36656000e-07,-4.36656000e-07,1.16011800e+01
3.98160796e+05,3.92541600e-06,8.35853900e-08,-9.93280200e+00,-1.14161000e+01,1.57479900e+01,5.17520200e-01,1.13193800e+00,-4.40872500e-07,-4.40872500e-07,1.16006600e+01
4.03660796e+05,4.63054700e-06,1.07386300e-07,-9.85304700e+00,-1.13142100e+01,1.58008600e+01,5.46404300e-01,1.15606100e+00,-4.44590000e-07,-4.44590000e-07,1.16000500e+01
4.08660796e+05,5.39181300e-06,1.34302700e-07,-9.78327400e+00,-1.12259700e+01,1.58465400e+01,5.71783700e-01,1.17767800e+00,-4.47504000e-07,-4.47504000e-07,1.15993800e+01
4.14160796e+05,6.37855700e-06,1.70710400e-07,-9.71094100e+00,-1.11351800e+01,1.58929800e+01,5.98359400e-01,1.20104400e+00,-4.50173200e-07,-4.50173200e-07,1.15985200e+01
4.19660796e+05,7.53586600e-06,2.15152000e-07,-9.64487900e+00,-1.10528100e+01,1.59341000e+01,6.22859700e-01,1.22390800e+00,-4.52267500e-07,-4.52267500e-07,1.15975000e+01
4.24660796e+05,8.74245700e-06,2.63047300e-07,-9.59163400e+00,-1.09868800e+01,1.59657500e+01,6.42582200e-01,1.24420700e+00,-4.53669900e-07,-4.53669900e-07,1.15964500e+01
4.30160796e+05,1.02376800e-05,3.24069100e-07,-9.54163700e+00,-1.09255100e+01,1.59934000e+01,6.60789200e-01,1.26594900e+00,-4.54666900e-07,-4.54666900e-07,1.15951400e+01
4.35160796e+05,1.17407800e-05,3.86794300e-07,-9.50364600e+00,-1.08793000e+01,1.60123800e+01,6.74215000e-01,1.28514500e+00,-4.55088800e-07,-4.55088800e-07,1.15938300e+01
4.40660796e+05,1.35394000e-05,4.63195800e-07,-9.46838800e+00,-1.08367700e+01,1.60279700e+01,6.86266500e-01,1.30559900e+00,-4.55038600e-07,-4.55038600e-07,1.15922600e+01
4.46160796e+05,1.54783600e-05,5.46816000e-07,-9.43802700e+00,-1.08004000e+01,1.60397200e+01,6.96331000e-01,1.32533500e+00,-4.54473900e-07,-4.54473900e-07,1.15905700e+01
4.51160796e+05,1.73556200e-05,6.28771800e-07,-9.41334600e+00,-1.07710000e+01,1.60482400e+01,7.04321200e-01,1.34263500e+00,-4.53537900e-07,-4.53537900e-07,1.15889300e+01
4.56660796e+05,1.95419500e-05,7.25254000e-07,-9.38836900e+00,-1.07413800e+01,1.60561500e+01,7.12246500e-01,1.36094900e+00,-4.52071900e-07,-4.52071900e-07,1.15870300e+01
4.62160796e+05,2.18534000e-05,8.28302400e-07,-9.36488500e+00,-1.07136600e+01,1.60632100e+01,7.19547300e-01,1.37850800e+00,-4.50179600e-07,-4.50179600e-07,1.15850100e+01
4.67160796e+05,2.40637200e-05,9.27731500e-07,-9.34431500e+00,-1.06894900e+01,1.60693300e+01,7.25806800e-01,1.39381400e+00,-4.48116700e-07,-4.48116700e-07,1.15830800e+01
4.72660796e+05,2.66177600e-05,1.04359800e-06,-9.32208900e+00,-1.06635200e+01,1.60761300e+01,7.32403400e-01,1.40993500e+00,-4.45500600e-07,-4.45500600e-07,1.15808600e+01
4.77660796e+05,2.90555600e-05,1.15508400e-06,-9.30191900e+00,-1.06400900e+01,1.60826500e+01,7.38217900e-01,1.42394700e+00,-4.42832900e-07,-4.42832900e-07,1.15787300e+01
4.83160796e+05,3.18718400e-05,1.28487900e-06,-9.27950000e+00,-1.06142200e+01,1.60904200e+01,7.44476900e-01,1.43866500e+00,-4.39608600e-07,-4.39608600e-07,1.15762800e+01
4.88660796e+05,3.48385600e-05,1.42268200e-06,-9.25671300e+00,-1.05880800e+01,1.60989000e+01,7.50631000e-01,1.45267000e+00,-4.36109400e-07,-4.36109400e-07,1.15736900e+01
4.93660796e+05,3.76752700e-05,1.55540400e-06,-9.23562500e+00,-1.05640400e+01,1.61072700e+01,7.56147600e-01,1.46479900e+00,-4.32713600e-07,-4.32713600e-07,1.15712200e+01
4.99160796e+05,4.09605700e-05,1.71020000e-06,-9.21198500e+00,-1.05372500e+01,1.61172100e+01,7.62121900e-01,1.47749700e+00,-4.28766700e-07,-4.28766700e-07,1.15683600e+01
5.04660796e+05,4.44315500e-05,1.87491200e-06,-9.18786800e+00,-1.05101000e+01,1.61279100e+01,7.67964300e-01,1.48954200e+00,-4.24622600e-07,-4.24622600e-07,1.15653300e+01
5.09660796e+05,4.77607700e-05,2.03392800e-06,-9.16538500e+00,-1.04850000e+01,1.61384100e+01,7.73118200e-01,1.49994500e+00,-4.20703900e-07,-4.20703900e-07,1.15624300e+01
5.15160796e+05,5.16312900e-05,2.21994000e-06,-9.13975500e+00,-1.04566600e+01,1.61510300e+01,7.78564200e-01,1.51080900e+00,-4.16247100e-07,-4.16247100e-07,1.15590500e+01
5.20160796e+05,5.53582600e-05,2.40008200e-06,-9.11542100e+00,-1.04300500e+01,1.61636400e+01,7.83273000e-01,1.52017700e+00,-4.12079100e-07,-4.12079100e-07,1.15558000e+01
5.25660796e+05,5.97127300e-05,2.61166800e-06,-9.08736000e+00,-1.03997000e+01,1.61788800e+01,7.88150800e-01,1.52994800e+00,-4.07383900e-07,-4.07383900e-07,1.15520100e+01
5.31160796e+05,6.43656000e-05,2.83888300e-06,-9.05785900e+00,-1.03681500e+01,1.61956000e+01,7.92685700e-01,1.53918100e+00,-4.02589900e-07,-4.02589900e-07,1.15479500e+01
5.36160796e+05,6.88855800e-05,3.06054300e-06,-9.02977300e+00,-1.03384300e+01,1.62120700e+01,7.96495400e-01,1.54713000e+00,-3.98159400e-07,-3.98159400e-07,1.15440000e+01
5.41660796e+05,7.42153300e-05,3.32288400e-06,-8.99751600e+00,-1.03046000e+01,1.62315100e+01,8.00332200e-01,1.55540500e+00,-3.93219900e-07,-3.93219900e-07,1.15393500e+01
5.47160796e+05,7.99651800e-05,3.60684400e-06,-8.96390800e+00,-1.02696800e+01,1.62522600e+01,8.03793100e-01,1.56321300e+00,-3.88224500e-07,-3.88224500e-07,1.15343400e+01
5.52160796e+05,8.56002100e-05,3.88587000e-06,-8.93228100e+00,-1.02370600e+01,1.62721300e+01,8.06611100e-01,1.56992500e+00,-3.83644900e-07,-3.83644900e-07,1.15294200e+01
5.57660796e+05,9.22996400e-05,4.21831100e-06,-8.89645900e+00,-1.02003700e+01,1.62949300e+01,8.09348300e-01,1.57690500e+00,-3.78575800e-07,-3.78575800e-07,1.15235700e+01
5.62660796e+05,9.88950200e-05,4.54613100e-06,-8.86311500e+00,-1.01664400e+01,1.63163300e+01,8.11505200e-01,1.58290000e+00,-3.73947100e-07,-3.73947100e-07,1.15178100e+01
5.68160796e+05,1.06765400e-04,4.93778700e-06,-8.82579700e+00,-1.01287000e+01,1.63404100e+01,8.13509800e-01,1.58912900e+00,-3.68841700e-07,-3.68841700e-07,1.15109400e+01
5.73660796e+05,1.15346700e-04,5.36512900e-06,-8.78806000e+00,-1.00907500e+01,1.63647700e+01,8.15123000e-01,1.59499500e+00,-3.63730100e-07,-3.63730100e-07,1.15034500e+01
5.78660796e+05,1.23823900e-04,5.78739300e-06,-8.75360000e+00,-1.00562800e+01,1.63869500e+01,8.16242900e-01,1.60002900e+00,-3.59084200e-07,-3.59084200e-07,1.14960500e+01
5.84160796e+05,1.33959500e-04,6.29216300e-06,-8.71571500e+00,-1.00185900e+01,1.64111700e+01,8.17084300e-01,1.60525600e+00,-3.53981300e-07,-3.53981300e-07,1.14872000e+01
5.89660796e+05,1.45017400e-04,6.84247400e-06,-8.67797600e+00,-9.98125500e+00,1.64350700e+01,8.17506300e-01,1.61017300e+00,-3.48892400e-07,-3.48892400e-07,1.14775400e+01
5.94660796e+05,1.55936600e-04,7.38528100e-06,-8.64382900e+00,-9.94766700e+00,1.64564400e+01,8.17517400e-01,1.61439000e+00,-3.44283000e-07,-3.44283000e-07,1.14680100e+01
6.00160796e+05,1.68979700e-04,8.03263700e-06,-8.60643200e+00,-9.91109400e+00,1.64795200e+01,8.17113100e-01,1.61876400e+00,-3.39236100e-07,-3.39236100e-07,1.14566200e+01
6.05160796e+05,1.81850100e-04,8.67011800e-06,-8.57257200e+00,-9.87817200e+00,1.65000800e+01,8.16366400e-01,1.62251400e+00,-3.34672800e-07,-3.34672800e-07,1.14453800e+01
6.10660796e+05,1.97212900e-04,9.42915400e-06,-8.53551400e+00,-9.84235000e+00,1.65221500e+01,8.15135600e-01,1.62640200e+00,-3.29684500e-07,-3.29684500e-07,1.14319700e+01
6.16160796e+05,2.13938600e-04,1.02529800e-05,-8.49876800e+00,-9.80704000e+00,1.65434900e+01,8.13492900e-01,1.63005700e+00,-3.24732400e-07,-3.24732400e-07,1.14173700e+01
6.21160796e+05,2.30414100e-04,1.10617700e-05,-8.46578100e+00,-9.77552000e+00,1.65620800e+01,8.11662400e-01,1.63318800e+00,-3.20264700e-07,-3.20264700e-07,1.14029900e+01
6.26660796e+05,2.50029100e-04,1.20210900e-05,-8.43013400e+00,-9.74164400e+00,1.65814400e+01,8.09303700e-01,1.63643300e+00,-3.15390500e-07,-3.15390500e-07,1.13858700e+01
6.32160796e+05,2.71302000e-04,1.30570800e-05,-8.39532000e+00,-9.70875000e+00,1.65994600e+01,8.06610400e-01,1.63948200e+00,-3.10560900e-07,-3.10560900e-07,1.13673000e+01
6.37160796e+05,2.92157200e-04,1.40683100e-05,-8.36450800e+00,-9.67979700e+00,1.66145300e+01,8.03894000e-01,1.64209300e+00,-3.06211100e-07,-3.06211100e-07,1.13491000e+01
6.42660796e+05,3.16845400e-04,1.52598800e-05,-8.33162000e+00,-9.64906600e+00,1.66295600e+01,8.00634400e-01,1.64479800e+00,-3.01472900e-07,-3.01472900e-07,1.13275600e+01
6.47660796e+05,3.40942900e-04,1.64173100e-05,-8.30268400e+00,-9.62218300e+00,1.66417200e+01,7.97442300e-01,1.64711400e+00,-2.97209100e-07,-2.97209100e-07,1.13065300e+01
6.53160796e+05,3.69337300e-04,1.77742300e-05,-8.27194100e+00,-9.59378800e+00,1.66534000e+01,7.93698200e-01,1.64951300e+00,-2.92568500e-07,-2.92568500e-07,1.12817600e+01
6.58660796e+05,3.99773800e-04,1.92207400e-05,-8.24234700e+00,-9.56663000e+00,1.66632500e+01,7.89727700e-01,1.65176600e+00,-2.87980900e-07,-2.87980900e-07,1.12552200e+01
6.63660796e+05,4.29266600e-04,2.06148200e-05,-8.21643800e+00,-9.54300200e+00,1.66705900e+01,7.85935200e-01,1.65369400e+00,-2.83857300e-07,-2.83857300e-07,1.12294900e+01
6.69160796e+05,4.63764700e-04,2.22363900e-05,-8.18901900e+00,-9.51816300e+00,1.66768600e+01,7.81575600e-01,1.65569000e+00,-2.79373900e-07,-2.79373900e-07,1.11994100e+01
6.74660796e+05,5.00463400e-04,2.39510400e-05,-8.16271400e+00,-9.49450300e+00,1.66812500e+01,7.77031500e-01,1.65756400e+00,-2.74946200e-07,-2.74946200e-07,1.11674100e+01
6.79660796e+05,5.35770400e-04,2.55910100e-05,-8.13974500e+00,-9.47399500e+00,1.66835800e+01,7.72750300e-01,1.65916700e+00,-2.70969900e-07,-2.70969900e-07,1.11366300e+01
6.85160796e+05,5.76779700e-04,2.74844100e-05,-8.11549500e+00,-9.45250800e+00,1.66843500e+01,7.67885000e-01,1.66082700e+00,-2.66650100e-07,-2.66650100e-07,1.11008800e+01
6.90160796e+05,6.16058300e-04,2.92868300e-05,-8.09435000e+00,-9.43392400e+00,1.66834000e+01,7.63327900e-01,1.66224800e+00,-2.62772600e-07,-2.62772600e-07,1.10666500e+01
6.95660796e+05,6.61482300e-04,3.13582700e-05,-8.07205700e+00,-9.41449800e+00,1.66805600e+01,7.58175200e-01,1.66371800e+00,-2.58562100e-07,-2.58562100e-07,1.10270600e+01
7.01160796e+05,7.09244100e-04,3.35218400e-05,-8.05074900e+00,-9.39610900e+00,1.66758500e+01,7.52883600e-01,1.66509700e+00,-2.54409000e-07,-2.54409000e-07,1.09854400e+01
7.06160796e+05,7.54699300e-04,3.55676700e-05,-8.03221100e+00,-9.38026800e+00,1.66699600e+01,7.47958400e-01,1.66627700e+00,-2.50683500e-07,-2.50683500e-07,1.09458300e+01
7.11660796e+05,8.06940100e-04,3.79034900e-05,-8.01271400e+00,-9.36378400e+00,1.66617300e+01,7.42420600e-01,1.66749900e+00,-2.46640200e-07,-2.46640200e-07,1.09003200e+01
7.16660796e+05,8.56463000e-04,4.01030800e-05,-7.99578500e+00,-9.34963400e+00,1.66526600e+01,7.37282100e-01,1.66854300e+00,-2.43014400e-07,-2.43014400e-07,1.08571800e+01
7.22160796e+05,9.13160100e-04,4.26043100e-05,-7.97802000e+00,-9.33497100e+00,1.66409500e+01,7.31520500e-01,1.66962500e+00,-2.39080600e-07,-2.39080600e-07,1.08077900e+01
7.27660796e+05,9.72163900e-04,4.51886500e-05,-7.96113600e+00,-9.32123500e+00,1.66274700e+01,7.25650000e-01,1.67063900e+00,-2.35203800e-07,-2.35203800e-07,1.07564000e+01
7.32660796e+05,1.02778100e-03,4.76077500e-05,-7.94654200e+00,-9.30954000e+00,1.66136800e+01,7.20223200e-01,1.67150600e+00,-2.31728700e-07,-2.31728700e-07,1.07079700e+01
7.38160796e+05,1.09109900e-03,5.03424400e-05,-7.93130700e+00,-9.29753700e+00,1.65968500e+01,7.14159800e-01,1.67240400e+00,-2.27960000e-07,-2.27960000e-07,1.06528300e+01
7.43660796e+05,1.15661300e-03,5.31508600e-05,-7.91692300e+00,-9.28642800e+00,1.65783000e+01,7.08003100e-01,1.67324600e+00,-2.24247400e-07,-2.24247400e-07,1.05957900e+01
7.48660796e+05,1.21802900e-03,5.57646500e-05,-7.90458200e+00,-9.27710100e+00,1.65599700e+01,7.02329600e-01,1.67396500e+00,-2.20920600e-07,-2.20920600e-07,1.05423200e+01
7.54160796e+05,1.28757100e-03,5.87026100e-05,-7.89181300e+00,-9.26768700e+00,1.65382300e+01,6.96009600e-01,1.67471000e+00,-2.17313900e-07,-2.17313900e-07,1.04817900e+01
7.59160796e+05,1.35253400e-03,6.14268300e-05,-7.88093700e+00,-9.25989600e+00,1.65170500e+01,6.90196600e-01,1.67534700e+00,-2.14082700e-07,-2.14082700e-07,1.04252400e+01
7.64660796e+05,1.42583000e-03,6.44775600e-05,-7.86977700e+00,-9.25217000e+00,1.64922300e+01,6.83733100e-01,1.67600600e+00,-2.10580200e-07,-2.10580200e-07,1.03614500e+01
7.70160796e+05,1.50096100e-03,6.75799000e-05,-7.85945800e+00,-9.24532400e+00,1.64658600e+01,6.77202100e-01,1.67662400e+00,-2.07131500e-07,-2.07131500e-07,1.02960600e+01
7.75160796e+05,1.57076900e-03,7.04403600e-05,-7.85080300e+00,-9.23986100e+00,1.64405800e+01,6.71211000e-01,1.67715300e+00,-2.04042500e-07,-2.04042500e-07,1.02353200e+01
7.80660796e+05,1.64911100e-03,7.36257500e-05,-7.84207200e+00,-9.23467900e+00,1.64114000e+01,6.64566300e-01,1.67769900e+00,-2.00695100e-07,-2.00695100e-07,1.01671500e+01
7.86160796e+05,1.72896900e-03,7.68462000e-05,-7.83415400e+00,-9.23035100e+00,1.63808300e+01,6.57869400e-01,1.67821200e+00,-1.97399800e-07,-1.97399800e-07,1.00976800e+01
7.91160796e+05,1.80278100e-03,7.97993000e-05,-7.82764500e+00,-9.22713900e+00,1.63519000e+01,6.51740200e-01,1.67865000e+00,-1.94448900e-07,-1.94448900e-07,1.00334700e+01
7.96660796e+05,1.88519400e-03,8.30702200e-05,-7.82121500e+00,-9.22437600e+00,1.63189000e+01,6.44957100e-01,1.67910300e+00,-1.91251600e-07,-1.91251600e-07,9.96178000e+00
8.01660796e+05,1.96112300e-03,8.60594700e-05,-7.81600800e+00,-9.22253700e+00,1.62879000e+01,6.38756800e-01,1.67949100e+00,-1.88388700e-07,-1.88388700e-07,9.89573900e+00
8.07160796e+05,2.04564000e-03,8.93596800e-05,-7.81094200e+00,-9.22122000e+00,1.62527800e+01,6.31903200e-01,1.67989200e+00,-1.85287200e-07,-1.85287200e-07,9.82223400e+00
8.12660796e+05,2.13108300e-03,9.26672400e-05,-7.80652900e+00,-9.22059800e+00,1.62166800e+01,6.25018100e-01,1.68026800e+00,-1.82234800e-07,-1.82234800e-07,9.74793000e+00
8.17660796e+05,2.20946600e-03,9.56761700e-05,-7.80304100e+00,-9.22059800e+00,1.61831000e+01,6.18734500e-01,1.68058900e+00,-1.79502100e-07,-1.79502100e-07,9.67977000e+00
8.23160796e+05,2.29636600e-03,9.89838500e-05,-7.79973400e+00,-9.22117400e+00,1.61453900e+01,6.11798500e-01,1.68092200e+00,-1.76542000e-07,-1.76542000e-07,9.60421000e+00
8.28660796e+05,2.38387800e-03,1.02285000e-04,-7.79693200e+00,-9.22230600e+00,1.61069800e+01,6.04839900e-01,1.68123300e+00,-1.73629300e-07,-1.73629300e-07,9.52812300e+00
8.33660796e+05,2.46388800e-03,1.05277000e-04,-7.79477900e+00,-9.22377500e+00,1.60715200e+01,5.98496400e-01,1.68150000e+00,-1.71021900e-07,-1.71021900e-07,9.45856200e+00
8.39160796e+05,2.55231900e-03,1.08554900e-04,-7.79280000e+00,-9.22583200e+00,1.60320000e+01,5.91501300e-01,1.68177600e+00,-1.68197800e-07,-1.68197800e-07,9.38168500e+00
8.44160796e+05,2.63303000e-03,1.11520000e-04,-7.79131400e+00,-9.22806500e+00,1.59956600e+01,5.85127900e-01,1.68201100e+00,-1.65670000e-07,-1.65670000e-07,9.31152100e+00
8.49660796e+05,2.72210200e-03,1.14762800e-04,-7.78998300e+00,-9.23088200e+00,1.59553000e+01,5.78103400e-01,1.68225500e+00,-1.62932200e-07,-1.62932200e-07,9.23409400e+00
8.55160796e+05,2.81141700e-03,1.17983400e-04,-7.78892800e+00,-9.23403800e+00,1.59146000e+01,5.71065800e-01,1.68248300e+00,-1.60238700e-07,-1.60238700e-07,9.15645900e+00
8.60160796e+05,2.89278100e-03,1.20890000e-04,-7.78817700e+00,-9.23717000e+00,1.58773500e+01,5.64658100e-01,1.68267900e+00,-1.57827900e-07,-1.57827900e-07,9.08573700e+00
8.65660796e+05,2.98242400e-03,1.24062200e-04,-7.78754600e+00,-9.24087300e+00,1.58361400e+01,5.57600100e-01,1.68288100e+00,-1.55217200e-07,-1.55217200e-07,9.00782300e+00
8.71160796e+05,3.07217900e-03,1.27206600e-04,-7.78708900e+00,-9.24481700e+00,1.57947500e+01,5.50533800e-01,1.68307000e+00,-1.52648800e-07,-1.52648800e-07,8.92981400e+00
8.76160796e+05,3.15384400e-03,1.30039800e-04,-7.78680000e+00,-9.24859100e+00,1.57569800e+01,5.44104300e-01,1.68323200e+00,-1.50350300e-07,-1.50350300e-07,8.85883900e+00
8.81660796e+05,3.24372600e-03,1.33127400e-04,-7.78659900e+00,-9.25292500e+00,1.57153100e+01,5.37027800e-01,1.68339900e+00,-1.47861200e-07,-1.47861200e-07,8.78072400e+00
8.86660796e+05,3.32546400e-03,1.35907200e-04,-7.78650500e+00,-9.25701600e+00,1.56773500e+01,5.30593000e-01,1.68354300e+00,-1.45633700e-07,-1.45633700e-07,8.70969000e+00
8.92160796e+05,3.41538800e-03,1.38934400e-04,-7.78648300e+00,-9.26166500e+00,1.56355300e+01,5.23516300e-01,1.68369100e+00,-1.43221600e-07,-1.43221600e-07,8.63154400e+00
8.97660796e+05,3.50530800e-03,1.41928800e-04,-7.78653400e+00,-9.26645700e+00,1.55936400e+01,5.16445400e-01,1.68382900e+00,-1.40848900e-07,-1.40848900e-07,8.55340300e+00
9.02660796e+05,3.58704000e-03,1.44622100e-04,-7.78663400e+00,-9.27092600e+00,1.55555300e+01,5.10027000e-01,1.68394800e+00,-1.38725700e-07,-1.38725700e-07,8.48238100e+00
9.08160796e+05,3.67691700e-03,1.47552600e-04,-7.78680000e+00,-9.27595800e+00,1.55135800e+01,5.02983900e-01,1.68407100e+00,-1.36426600e-07,-1.36426600e-07,8.40428300e+00
9.13660796e+05,3.76675400e-03,1.50448900e-04,-7.78702300e+00,-9.28110600e+00,1.54716000e+01,4.95967200e-01,1.68418600e+00,-1.34165300e-07,-1.34165300e-07,8.32622300e+00
9.18660796e+05,3.84837900e-03,1.53051900e-04,-7.78727900e+00,-9.28588200e+00,1.54334200e+01,4.89620500e-01,1.68428400e+00,-1.32141800e-07,-1.32141800e-07,8.25530100e+00
9.24160796e+05,3.93810500e-03,1.55882100e-04,-7.78762600e+00,-9.29123900e+00,1.53913900e+01,4.82686500e-01,1.68438600e+00,-1.29950800e-07,-1.29950800e-07,8.17734500e+00
9.29160796e+05,4.01960500e-03,1.58424600e-04,-7.78801300e+00,-9.29620400e+00,1.53531600e+01,4.76438700e-01,1.68447300e+00,-1.27990200e-07,-1.27990200e-07,8.10654000e+00
9.34660796e+05,4.10916100e-03,1.61187700e-04,-7.78853300e+00,-9.30177000e+00,1.53110600e+01,4.69644000e-01,1.68456300e+00,-1.25867500e-07,-1.25867500e-07,8.02874000e+00
9.40160796e+05,4.19859900e-03,1.63915200e-04,-7.78917300e+00,-9.30744800e+00,1.52689200e+01,4.62950300e-01,1.68464700e+00,-1.23779700e-07,-1.23779700e-07,7.95104900e+00
9.45160796e+05,4.27978000e-03,1.66363700e-04,-7.78988000e+00,-9.31270800e+00,1.52305700e+01,4.56970800e-01,1.68471900e+00,-1.21911500e-07,-1.21911500e-07,7.88053600e+00
9.50660796e+05,4.36891100e-03,1.69022700e-04,-7.79081500e+00,-9.31860200e+00,1.51883200e+01,4.50529600e-01,1.68479400e+00,-1.19888900e-07,-1.19888900e-07,7.80312500e+00
9.56160796e+05,4.45783200e-03,1.71645500e-04,-7.79193800e+00,-9.32460800e+00,1.51460100e+01,4.44251800e-01,1.68486300e+00,-1.17899600e-07,-1.17899600e-07,7.72590700e+00
9.61160796e+05,4.53845300e-03,1.73998400e-04,-7.79313600e+00,-9.33015900e+00,1.51074900e+01,4.38702300e-01,1.68492300e+00,-1.16119600e-07,-1.16119600e-07,7.65590400e+00
9.66660796e+05,4.62685900e-03,1.76551800e-04,-7.79466000e+00,-9.33635900e+00,1.50650700e+01,4.32785500e-01,1.68498500e+00,-1.14192500e-07,-1.14192500e-07,7.57915400e+00
9.71660796e+05,4.70694200e-03,1.78841400e-04,-7.79623400e+00,-9.34206900e+00,1.50264800e+01,4.27586300e-01,1.68503800e+00,-1.12468200e-07,-1.12468200e-07,7.50964100e+00
9.77160796e+05,4.79467800e-03,1.81325300e-04,-7.79817100e+00,-9.34841500e+00,1.49840300e+01,4.22070700e-01,1.68509200e+00,-1.10601300e-07,-1.10601300e-07,7.43350000e+00
9.82660796e+05,4.88200300e-03,1.83773000e-04,-7.80030800e+00,-9.35481000e+00,1.49415900e+01,4.16769800e-01,1.68514300e+00,-1.08765300e-07,-1.08765300e-07,7.35773400e+00
9.87660796e+05,4.96100200e-03,1.85967000e-04,-7.80240900e+00,-9.36064700e+00,1.49030700e+01,4.12134400e-01,1.68518700e+00,-1.07122600e-07,-1.07122600e-07,7.28920900e+00
9.93160796e+05,5.04744600e-03,1.88346700e-04,-7.80487000e+00,-9.36707200e+00,1.48607800e+01,4.07231400e-01,1.68523200e+00,-1.05344100e-07,-1.05344100e-07,7.21425000e+00
9.98660796e+05,5.13338900e-03,1.90691400e-04,-7.80746200e+00,-9.37347900e+00,1.48186200e+01,4.02524100e-01,1.68527500e+00,-1.03595000e-07,-1.03595000e-07,7.13975300e+00
1.00366080e+06,5.21106600e-03,1.92793200e-04,-7.80990600e+00,-9.37926900e+00,1.47804400e+01,3.98404800e-01,1.68531100e+00,-1.02030100e-07,-1.02030100e-07,7.07244800e+00
1.00916080e+06,5.29600000e-03,1.95073200e-04,-7.81266200e+00,-9.38558200e+00,1.47386300e+01,3.94037900e-01,1.68534800e+00,-1.00335900e-07,-1.00335900e-07,6.99888900e+00
1.01416080e+06,5.37274300e-03,1.97117500e-04,-7.81520700e+00,-9.39125500e+00,1.47008300e+01,3.90206400e-01,1.68538000e+00,-9.88199800e-08,-9.88199800e-08,6.93246200e+00
1.01966080e+06,5.45664100e-03,1.99335900e-04,-7.81802500e+00,-9.39740900e+00,1.46594900e+01,3.86131700e-01,1.68541400e+00,-9.71788800e-08,-9.71788800e-08,6.85989000e+00
1.02516080e+06,5.53999600e-03,2.01523200e-04,-7.82083900e+00,-9.40346000e+00,1.46184400e+01,3.82191200e-01,1.68544500e+00,-9.55649600e-08,-9.55649600e-08,6.78784400e+00
1.03016080e+06,5.61530700e-03,2.03485700e-04,-7.82337700e+00,-9.40886400e+00,1.45813800e+01,3.78714800e-01,1.68547100e+00,-9.41209600e-08,-9.41209600e-08,6.72280800e+00
1.03566080e+06,5.69764600e-03,2.05616700e-04,-7.82612900e+00,-9.41469400e+00,1.45409300e+01,3.74996600e-01,1.68549900e+00,-9.25576900e-08,-9.25576900e-08,6.65177600e+00
1.04116080e+06,5.77947100e-03,2.07719500e-04,-7.82882700e+00,-9.42040200e+00,1.45008000e+01,3.71378800e-01,1.68552400e+00,-9.10203300e-08,-9.10203300e-08,6.58128000e+00
1.04616080e+06,5.85342100e-03,2.09607600e-04,-7.83122400e+00,-9.42548500e+00,1.44646200e+01,3.68168500e-01,1.68554600e+00,-8.96448500e-08,-8.96448500e-08,6.51765700e+00
1.05166080e+06,5.93430300e-03,2.11659400e-04,-7.83379300e+00,-9.43095900e+00,1.44251500e+01,3.64715400e-01,1.68556900e+00,-8.81557600e-08,-8.81557600e-08,6.44818700e+00
1.05666080e+06,6.00742300e-03,2.13502600e-04,-7.83606300e+00,-9.43583400e+00,1.43895800e+01,3.61640500e-01,1.68558900e+00,-8.68234800e-08,-8.68234800e-08,6.38550400e+00
1.06216080e+06,6.08742200e-03,2.15506600e-04,-7.83848800e+00,-9.44109100e+00,1.43507900e+01,3.58321600e-01,1.68560900e+00,-8.53811700e-08,-8.53811700e-08,6.31707900e+00
1.06766080e+06,6.16698200e-03,2.17486700e-04,-7.84084100e+00,-9.44624800e+00,1.43123700e+01,3.55062600e-01,1.68562800e+00,-8.39627800e-08,-8.39627800e-08,6.24921500e+00
1.07266080e+06,6.23894100e-03,2.19266700e-04,-7.84292200e+00,-9.45085800e+00,1.42777500e+01,3.52146600e-01,1.68564400e+00,-8.26937600e-08,-8.26937600e-08,6.18802200e+00
1.07816080e+06,6.31770300e-03,2.21203100e-04,-7.84515600e+00,-9.45586000e+00,1.42400300e+01,3.48985000e-01,1.68566000e+00,-8.13199500e-08,-8.13199500e-08,6.12128000e+00
1.08316080e+06,6.38895900e-03,2.22944400e-04,-7.84714700e+00,-9.46035800e+00,1.42060600e+01,3.46148600e-01,1.68567500e+00,-8.00908200e-08,-8.00908200e-08,6.06114500e+00
1.08866080e+06,6.46696600e-03,2.24839100e-04,-7.84930800e+00,-9.46527200e+00,1.41690500e+01,3.43065700e-01,1.68568900e+00,-7.87601900e-08,-7.87601900e-08,5.99562400e+00
1.09416080e+06,6.54458700e-03,2.26712500e-04,-7.85145900e+00,-9.47017400e+00,1.41324200e+01,3.40017600e-01,1.68570300e+00,-7.74516400e-08,-7.74516400e-08,5.93080100e+00
1.09916080e+06,6.61481900e-03,2.28397400e-04,-7.85342400e+00,-9.47464400e+00,1.40994600e+01,3.37273900e-01,1.68571500e+00,-7.62809000e-08,-7.62809000e-08,5.87252100e+00
1.10466080e+06,6.69170400e-03,2.30230800e-04,-7.85562300e+00,-9.47960500e+00,1.40635800e+01,3.34282500e-01,1.68572700e+00,-7.50135000e-08,-7.50135000e-08,5.80918500e+00
1.11016080e+06,6.76819600e-03,2.32043100e-04,-7.85789100e+00,-9.48464700e+00,1.40281100e+01,3.31316300e-01,1.68573900e+00,-7.37671300e-08,-7.37671300e-08,5.74672900e+00
1.11516080e+06,6.83738100e-03,2.33672400e-04,-7.86004200e+00,-9.48933400e+00,1.39962400e+01,3.28639400e-01,1.68574800e+00,-7.26520300e-08,-7.26520300e-08,5.69078600e+00
1.12066080e+06,6.91307900e-03,2.35444100e-04,-7.86254300e+00,-9.49464100e+00,1.39615900e+01,3.25714500e-01,1.68575800e+00,-7.14448600e-08,-7.14448600e-08,5.63026000e+00
1.12566080e+06,6.98150600e-03,2.37035800e-04,-7.86497500e+00,-9.49964300e+00,1.39305000e+01,3.23071700e-01,1.68576700e+00,-7.03648300e-08,-7.03648300e-08,5.57624400e+00
1.13116080e+06,7.05631700e-03,2.38765100e-04,-7.86786600e+00,-9.50538400e+00,1.38967600e+01,3.20181100e-01,1.68577600e+00,-6.91956300e-08,-6.91956300e-08,5.51804900e+00
1.13666080e+06,7.13060900e-03,2.40471100e-04,-7.87103100e+00,-9.51142600e+00,1.38635400e+01,3.17306400e-01,1.68578400e+00,-6.80458500e-08,-6.80458500e-08,5.46126700e+00
1.14166080e+06,7.19765700e-03,2.42001100e-04,-7.87419000e+00,-9.51722700e+00,1.38338100e+01,3.14706000e-01,1.68579200e+00,-6.70171700e-08,-6.70171700e-08,5.41099700e+00
1.14716080e+06,7.27082000e-03,2.43659900e-04,-7.87802400e+00,-9.52399800e+00,1.38016700e+01,3.11859000e-01,1.68579900e+00,-6.59035600e-08,-6.59035600e-08,5.35733000e+00
1.15266080e+06,7.34330500e-03,2.45292200e-04,-7.88228600e+00,-9.53123000e+00,1.37701600e+01,3.09025700e-01,1.68580600e+00,-6.48084400e-08,-6.48084400e-08,5.30552800e+00
1.15766080e+06,7.40855500e-03,2.46751900e-04,-7.88657300e+00,-9.53825000e+00,1.37421000e+01,3.06461500e-01,1.68581200e+00,-6.38286700e-08,-6.38286700e-08,5.26019700e+00
1.16316080e+06,7.47955000e-03,2.48329600e-04,-7.89178900e+00,-9.54650900e+00,1.37119100e+01,3.03653300e-01,1.68581800e+00,-6.27680100e-08,-6.27680100e-08,5.21242400e+00
1.16816080e+06,7.54331900e-03,2.49737300e-04,-7.89702000e+00,-9.55454200e+00,1.36851300e+01,3.01111600e-01,1.68582300e+00,-6.18190700e-08,-6.18190700e-08,5.17103000e+00
1.17366080e+06,7.61254000e-03,2.51254900e-04,-7.90334500e+00,-9.56398900e+00,1.36564600e+01,2.98328100e-01,1.68582900e+00,-6.07917900e-08,-6.07917900e-08,5.12787800e+00
1.17916080e+06,7.68071100e-03,2.52738700e-04,-7.91029300e+00,-9.57410400e+00,1.36286600e+01,2.95557500e-01,1.68583400e+00,-5.97815700e-08,-5.97815700e-08,5.08735300e+00
1.18416080e+06,7.74170600e-03,2.54057100e-04,-7.91716300e+00,-9.58389400e+00,1.36041800e+01,2.93050000e-01,1.68583800e+00,-5.88777600e-08,-5.88777600e-08,5.05289300e+00
1.18966080e+06,7.80765000e-03,2.55472300e-04,-7.92533100e+00,-9.59531900e+00,1.35781700e+01,2.90304000e-01,1.68584300e+00,-5.78993300e-08,-5.78993300e-08,5.01769000e+00
1.19516080e+06,7.87231900e-03,2.56849700e-04,-7.93412600e+00,-9.60742200e+00,1.35531800e+01,2.87570800e-01,1.68584700e+00,-5.69371600e-08,-5.69371600e-08,4.98537900e+00
1.20016080e+06,7.92994700e-03,2.58068200e-04,-7.94264500e+00,-9.61899400e+00,1.35313700e+01,2.85096900e-01,1.68585000e+00,-5.60763400e-08,-5.60763400e-08,4.95853900e+00
1.20566080e+06,7.99200900e-03,2.59370700e-04,-7.95255400e+00,-9.63231400e+00,1.35084100e+01,2.82387100e-01,1.68585400e+00,-5.51444500e-08,-5.51444500e-08,4.93179700e+00
1.21066080e+06,8.04718200e-03,2.60520000e-04,-7.96201000e+00,-9.64491800e+00,1.34885000e+01,2.79933800e-01,1.68585700e+00,-5.43107200e-08,-5.43107200e-08,4.90998300e+00
1.21616080e+06,8.10647300e-03,2.61745500e-04,-7.97284400e+00,-9.65927100e+00,1.34676600e+01,2.77245600e-01,1.68586100e+00,-5.34081700e-08,-5.34081700e-08,4.88866800e+00
1.22166080e+06,8.16427600e-03,2.62930600e-04,-7.98406000e+00,-9.67406700e+00,1.34479600e+01,2.74567500e-01,1.68586400e+00,-5.25206100e-08,-5.25206100e-08,4.87006100e+00
1.22666080e+06,8.21552800e-03,2.63973100e-04,-7.99452200e+00,-9.68783700e+00,1.34310200e+01,2.72140700e-01,1.68586600e+00,-5.17265300e-08,-5.17265300e-08,4.85538900e+00
1.23216080e+06,8.27048400e-03,2.65081900e-04,-8.00624500e+00,-9.70326100e+00,1.34134700e+01,2.69478800e-01,1.68586900e+00,-5.08669100e-08,-5.08669100e-08,4.84157800e+00
1.23766080e+06,8.32396600e-03,2.66151700e-04,-8.01811000e+00,-9.71889500e+00,1.33970300e+01,2.66823400e-01,1.68587200e+00,-5.00215700e-08,-5.00215700e-08,4.83004800e+00
1.24266080e+06,8.37133100e-03,2.67091300e-04,-8.02895000e+00,-9.73322000e+00,1.33830300e+01,2.64413900e-01,1.68587400e+00,-4.92652800e-08,-4.92652800e-08,4.82139800e+00
1.24816080e+06,8.42208500e-03,2.68089600e-04,-8.04085800e+00,-9.74903100e+00,1.33686400e+01,2.61766700e-01,1.68587600e+00,-4.84465500e-08,-4.84465500e-08,4.81373000e+00
1.25316080e+06,8.46703600e-03,2.68966200e-04,-8.05160600e+00,-9.76339100e+00,1.33564600e+01,2.59361700e-01,1.68587800e+00,-4.77140700e-08,-4.77140700e-08,4.80828900e+00
1.25866080e+06,8.51522200e-03,2.69897600e-04,-8.06327800e+00,-9.77911100e+00,1.33440000e+01,2.56716400e-01,1.68588000e+00,-4.69211100e-08,-4.69211100e-08,4.80382200e+00
1.26416080e+06,8.56214200e-03,2.70796000e-04,-8.07473100e+00,-9.79469100e+00,1.33325100e+01,2.54069300e-01,1.68588200e+00,-4.61413300e-08,-4.61413300e-08,4.80077700e+00
1.26916080e+06,8.60374600e-03,2.71585400e-04,-8.08490500e+00,-9.80868900e+00,1.33228600e+01,2.51659800e-01,1.68588400e+00,-4.54437000e-08,-4.54437000e-08,4.79910200e+00
1.27466080e+06,8.64841500e-03,2.72425000e-04,-8.09578900e+00,-9.82386200e+00,1.33130900e+01,2.49004000e-01,1.68588500e+00,-4.46884700e-08,-4.46884700e-08,4.79831800e+00
1.28016080e+06,8.69199500e-03,2.73236100e-04,-8.10631100e+00,-9.83876100e+00,1.33041500e+01,2.46340700e-01,1.68588700e+00,-4.39457900e-08,-4.39457900e-08,4.79850100e+00
1.28516080e+06,8.73072400e-03,2.73949800e-04,-8.11553100e+00,-9.85204300e+00,1.32967200e+01,2.43911500e-01,1.68588800e+00,-4.32813400e-08,-4.32813400e-08,4.79939500e+00
1.29066080e+06,8.77240500e-03,2.74710500e-04,-8.12526700e+00,-9.86633900e+00,1.32892700e+01,2.41228500e-01,1.68588900e+00,-4.25620500e-08,-4.25620500e-08,4.80106400e+00
1.29566080e+06,8.80951200e-03,2.75380800e-04,-8.13373100e+00,-9.87903600e+00,1.32831100e+01,2.38778100e-01,1.68589100e+00,-4.19185200e-08,-4.19185200e-08,4.80311300e+00
1.30116080e+06,8.84952200e-03,2.76096100e-04,-8.14259800e+00,-9.89266000e+00,1.32769900e+01,2.36068200e-01,1.68589200e+00,-4.12218700e-08,-4.12218700e-08,4.80585900e+00
1.30666080e+06,8.88874400e-03,2.76789600e-04,-8.15098900e+00,-9.90591700e+00,1.32715100e+01,2.33341500e-01,1.68589300e+00,-4.05367900e-08,-4.05367900e-08,4.80903100e+00
1.31166080e+06,8.92376700e-03,2.77402200e-04,-8.15819700e+00,-9.91764800e+00,1.32670600e+01,2.30846500e-01,1.68589400e+00,-3.99238800e-08,-3.99238800e-08,4.81221700e+00
1.31716080e+06,8.96164600e-03,2.78057500e-04,-8.16565900e+00,-9.93019800e+00,1.32627100e+01,2.28082500e-01,1.68589500e+00,-3.92603800e-08,-3.92603800e-08,4.81598600e+00
1.32266080e+06,8.99890100e-03,2.78694400e-04,-8.17263000e+00,-9.94238200e+00,1.32588900e+01,2.25296500e-01,1.68589600e+00,-3.86079000e-08,-3.86079000e-08,4.81996900e+00
1.32766080e+06,9.03227100e-03,2.79258300e-04,-8.17854300e+00,-9.95314600e+00,1.32558700e+01,2.22743200e-01,1.68589700e+00,-3.80241500e-08,-3.80241500e-08,4.82372700e+00
1.33316080e+06,9.06847600e-03,2.79862800e-04,-8.18458400e+00,-9.96465100e+00,1.32529900e+01,2.19910700e-01,1.68589800e+00,-3.73922200e-08,-3.73922200e-08,4.82796600e+00
1.33816080e+06,9.10097100e-03,2.80398900e-04,-8.18966100e+00,-9.97481600e+00,1.32507700e+01,2.17312900e-01,1.68589800e+00,-3.68268500e-08,-3.68268500e-08,4.83187800e+00
1.34366080e+06,9.13629700e-03,2.80974500e-04,-8.19479600e+00,-9.98568600e+00,1.32487300e+01,2.14429100e-01,1.68589900e+00,-3.62148100e-08,-3.62148100e-08,4.83621000e+00
1.34916080e+06,9.17122700e-03,2.81536000e-04,-8.19947200e+00,-9.99624700e+00,1.32470800e+01,2.11516900e-01,1.68590000e+00,-3.56129500e-08,-3.56129500e-08,4.84053700e+00
1.35416080e+06,9.20267100e-03,2.82035000e-04,-8.20333500e+00,-1.00055900e+01,1.32459000e+01,2.08844200e-01,1.68590000e+00,-3.50744800e-08,-3.50744800e-08,4.84444100e+00
1.35966080e+06,9.23695400e-03,2.82571700e-04,-8.20717200e+00,-1.00156200e+01,1.32449300e+01,2.05876100e-01,1.68590100e+00,-3.44915600e-08,-3.44915600e-08,4.84868000e+00
1.36516080e+06,9.27095200e-03,2.83096300e-04,-8.21059300e+00,-1.00253900e+01,1.32442700e+01,2.02878300e-01,1.68590100e+00,-3.39183300e-08,-3.39183300e-08,4.85283800e+00
1.37016080e+06,9.30164000e-03,2.83563200e-04,-8.21335900e+00,-1.00340700e+01,1.32439300e+01,2.00127400e-01,1.68590200e+00,-3.34054900e-08,-3.34054900e-08,4.85653100e+00
1.37566080e+06,9.33518500e-03,2.84066300e-04,-8.21604000e+00,-1.00434200e+01,1.32438000e+01,1.97073400e-01,1.68590200e+00,-3.28503100e-08,-3.28503100e-08,4.86048400e+00
1.38066080e+06,9.36551300e-03,2.84514400e-04,-8.21816700e+00,-1.00517700e+01,1.32438800e+01,1.94272100e-01,1.68590300e+00,-3.23536100e-08,-3.23536100e-08,4.86396600e+00
1.38616080e+06,9.39871500e-03,2.84997500e-04,-8.22018600e+00,-1.00608000e+01,1.32441800e+01,1.91163900e-01,1.68590300e+00,-3.18159100e-08,-3.18159100e-08,4.86766300e+00
1.39166080e+06,9.43177500e-03,2.85470800e-04,-8.22189000e+00,-1.00697100e+01,1.32446800e+01,1.88028400e-01,1.68590400e+00,-3.12871500e-08,-3.12871500e-08,4.87121200e+00
1.39666080e+06,9.46172600e-03,2.85892700e-04,-8.22318500e+00,-1.00777100e+01,1.32452700e+01,1.85154900e-01,1.68590400e+00,-3.08140800e-08,-3.08140800e-08,4.87430400e+00
1.40216080e+06,9.49457900e-03,2.86348000e-04,-8.22435000e+00,-1.00864400e+01,1.32460600e+01,1.81969400e-01,1.68590400e+00,-3.03019700e-08,-3.03019700e-08,4.87755300e+00
1.40766080e+06,9.52735300e-03,2.86794300e-04,-8.22526200e+00,-1.00951100e+01,1.32469900e+01,1.78758500e-01,1.68590500e+00,-2.97983700e-08,-2.97983700e-08,4.88063800e+00
1.41266080e+06,9.55709600e-03,2.87192300e-04,-8.22588700e+00,-1.01029700e+01,1.32479300e+01,1.75817700e-01,1.68590500e+00,-2.93478100e-08,-2.93478100e-08,4.88329900e+00
1.41816080e+06,9.58977100e-03,2.87621900e-04,-8.22636600e+00,-1.01116100e+01,1.32490500e+01,1.72558900e-01,1.68590500e+00,-2.88600700e-08,-2.88600700e-08,4.88606600e+00
1.42316080e+06,9.61945100e-03,2.88005100e-04,-8.22662400e+00,-1.01194800e+01,1.32501400e+01,1.69574400e-01,1.68590600e+00,-2.84237000e-08,-2.84237000e-08,4.88843600e+00
1.42866080e+06,9.65208500e-03,2.88418700e-04,-8.22672400e+00,-1.01281800e+01,1.32514200e+01,1.66266900e-01,1.68590600e+00,-2.79513100e-08,-2.79513100e-08,4.89088300e+00
1.43416080e+06,9.68471900e-03,2.88824000e-04,-8.22664300e+00,-1.01369400e+01,1.32527600e+01,1.62932700e-01,1.68590600e+00,-2.74867700e-08,-2.74867700e-08,4.89316300e+00
1.43916080e+06,9.71439600e-03,2.89185500e-04,-8.22642100e+00,-1.01449800e+01,1.32540300e+01,1.59877700e-01,1.68590600e+00,-2.70711700e-08,-2.70711700e-08,4.89509100e+00
1.44466080e+06,9.74706500e-03,2.89575300e-04,-8.22602100e+00,-1.01539300e+01,1.32554800e+01,1.56489800e-01,1.68590700e+00,-2.66212600e-08,-2.66212600e-08,4.89705600e+00
1.45016080e+06,9.77976900e-03,2.89957200e-04,-8.22546500e+00,-1.01630100e+01,1.32569700e+01,1.53071800e-01,1.68590700e+00,-2.61788300e-08,-2.61788300e-08,4.89885700e+00
1.45516080e+06,9.80954200e-03,2.90297400e-04,-8.22483100e+00,-1.01714100e+01,1.32583600e+01,1.49937000e-01,1.68590700e+00,-2.57830000e-08,-2.57830000e-08,4.90035500e+00
1.46066080e+06,9.84234600e-03,2.90664100e-04,-8.22399600e+00,-1.01808300e+01,1.32599200e+01,1.46457000e-01,1.68590700e+00,-2.53545000e-08,-2.53545000e-08,4.90185100e+00
1.46566080e+06,9.87222800e-03,2.90990500e-04,-8.22311700e+00,-1.01895700e+01,1.32613800e+01,1.43263000e-01,1.68590700e+00,-2.49711300e-08,-2.49711300e-08,4.90307400e+00
1.47116080e+06,9.90517200e-03,2.91342000e-04,-8.22202300e+00,-1.01994200e+01,1.32630000e+01,1.39714500e-01,1.68590800e+00,-2.45561200e-08,-2.45561200e-08,4.90427100e+00
1.47666080e+06,9.93820500e-03,2.91685500e-04,-8.22080000e+00,-1.02095500e+01,1.32646600e+01,1.36127400e-01,1.68590800e+00,-2.41480100e-08,-2.41480100e-08,4.90531400e+00
1.48166080e+06,9.96831900e-03,2.91990800e-04,-8.21958000e+00,-1.02190200e+01,1.32661800e+01,1.32831400e-01,1.68590800e+00,-2.37828900e-08,-2.37828900e-08,4.90613100e+00
1.48716080e+06,1.00015500e-02,2.92318900e-04,-8.21812300e+00,-1.02297800e+01,1.32678800e+01,1.29165600e-01,1.68590800e+00,-2.33876300e-08,-2.33876300e-08,4.90688600e+00
1.49216080e+06,1.00318500e-02,2.92610100e-04,-8.21669800e+00,-1.02398900e+01,1.32694400e+01,1.25794900e-01,1.68590800e+00,-2.30340100e-08,-2.30340100e-08,4.90744500e+00
1.49766080e+06,1.00653100e-02,2.92922500e-04,-8.21502500e+00,-1.02514200e+01,1.32711800e+01,1.22043600e-01,1.68590800e+00,-2.26511900e-08,-2.26511900e-08,4.90792100e+00
1.50316080e+06,1.00989000e-02,2.93226600e-04,-8.21324400e+00,-1.02634300e+01,1.32729300e+01,1.18244900e-01,1.68590800e+00,-2.22747400e-08,-2.22747400e-08,4.90825300e+00
1.50816080e+06,1.01295600e-02,2.93495700e-04,-8.21153600e+00,-1.02748000e+01,1.32745300e+01,1.14749100e-01,1.68590800e+00,-2.19379400e-08,-2.19379400e-08,4.90843200e+00
1.51366080e+06,1.01634300e-02,2.93783500e-04,-8.20956500e+00,-1.02878800e+01,1.32762900e+01,1.10855800e-01,1.68590800e+00,-2.15733400e-08,-2.15733400e-08,4.90849700e+00
1.51916080e+06,1.01974600e-02,2.94062500e-04,-8.20750500e+00,-1.03016200e+01,1.32780600e+01,1.06910900e-01,1.68590900e+00,-2.12148000e-08,-2.12148000e-08,4.90842400e+00
1.52416080e+06,1.02285400e-02,2.94308500e-04,-8.20556000e+00,-1.03147300e+01,1.32796700e+01,1.03278900e-01,1.68590900e+00,-2.08940300e-08,-2.08940300e-08,4.90824100e+00
1.52966080e+06,1.02628800e-02,2.94570400e-04,-8.20335100e+00,-1.03299400e+01,1.32814300e+01,9.92325600e-02,1.68590900e+00,-2.05467800e-08,-2.05467800e-08,4.90791500e+00
1.53466080e+06,1.02942600e-02,2.94800400e-04,-8.20128900e+00,-1.03445500e+01,1.32830100e+01,9.55071000e-02,1.68590900e+00,-2.02361100e-08,-2.02361100e-08,4.90750800e+00
1.54016080e+06,1.03289500e-02,2.95044400e-04,-8.19897300e+00,-1.03615800e+01,1.32847300e+01,9.13570400e-02,1.68590900e+00,-1.98997900e-08,-1.98997900e-08,4.90694100e+00
1.54566080e+06,1.03638300e-02,2.95278800e-04,-8.19662400e+00,-1.03797500e+01,1.32864100e+01,8.71523500e-02,1.68590900e+00,-1.95690700e-08,-1.95690700e-08,4.90625400e+00
1.55066080e+06,1.03957100e-02,2.95483200e-04,-8.19447500e+00,-1.03973800e+01,1.32879000e+01,8.32826700e-02,1.68590900e+00,-1.92731800e-08,-1.92731800e-08,4.90553100e+00
1.55616080e+06,1.04309500e-02,2.95698400e-04,-8.19211600e+00,-1.04181300e+01,1.32894700e+01,7.89746300e-02,1.68590900e+00,-1.89528700e-08,-1.89528700e-08,4.90463200e+00
1.56166080e+06,1.04663800e-02,2.95903100e-04,-8.18978500e+00,-1.04405200e+01,1.32909700e+01,7.46136800e-02,1.68590900e+00,-1.86378800e-08,-1.86378800e-08,4.90363200e+00
1.56666080e+06,1.04987600e-02,2.96080000e-04,-8.18771500e+00,-1.04624800e+01,1.32922400e+01,7.06044600e-02,1.68590900e+00,-1.83560700e-08,-1.83560700e-08,4.90264400e+00
1.57216080e+06,1.05345500e-02,2.96264100e-04,-8.18552000e+00,-1.04886500e+01,1.32935200e+01,6.61469000e-02,1.68590900e+00,-1.80510000e-08,-1.80510000e-08,4.90147800e+00
1.57716080e+06,1.05672400e-02,2.96421700e-04,-8.18362600e+00,-1.05145300e+01,1.32945700e+01,6.20534200e-02,1.68590900e+00,-1.77780600e-08,-1.77780600e-08,4.90035700e+00
1.58266080e+06,1.06033600e-02,2.96584100e-04,-8.18168700e+00,-1.05456600e+01,1.32955700e+01,5.75080700e-02,1.68590900e+00,-1.74826000e-08,-1.74826000e-08,4.89907000e+00
1.58816080e+06,1.06396300e-02,2.96734700e-04,-8.17993600e+00,-1.05800400e+01,1.32963800e+01,5.29215900e-02,1.68590900e+00,-1.71920500e-08,-1.71920500e-08,4.89774000e+00
1.59316080e+06,1.06727200e-02,2.96861200e-04,-8.17853800e+00,-1.06145800e+01,1.32969300e+01,4.87197700e-02,1.68590900e+00,-1.69321000e-08,-1.69321000e-08,4.89650900e+00
1.59866080e+06,1.07092400e-02,2.96988600e-04,-8.17724900e+00,-1.06569000e+01,1.32973300e+01,4.40664800e-02,1.68590900e+00,-1.66506900e-08,-1.66506900e-08,4.89514800e+00
1.60416080e+06,1.07458500e-02,2.97103500e-04,-8.17625400e+00,-1.07046900e+01,1.32974700e+01,3.93852100e-02,1.68590900e+00,-1.63739700e-08,-1.63739700e-08,4.89379900e+00
1.60916080e+06,1.07792000e-02,2.97196900e-04,-8.17563100e+00,-1.07539700e+01,1.32973700e+01,3.51096700e-02,1.68590900e+00,-1.61263900e-08,-1.61263900e-08,4.89260100e+00
1.61466080e+06,1.08159200e-02,2.97287400e-04,-8.17528000e+00,-1.08163100e+01,1.32970000e+01,3.03897600e-02,1.68591000e+00,-1.58583700e-08,-1.58583700e-08,4.89133500e+00
1.61966080e+06,1.08493200e-02,2.97358300e-04,-8.17528200e+00,-1.08825700e+01,1.32964200e+01,2.60880700e-02,1.68591000e+00,-1.56185900e-08,-1.56185900e-08,4.89025000e+00
1.62516080e+06,1.08860400e-02,2.97423800e-04,-8.17564900e+00,-1.09699700e+01,1.32955200e+01,2.13491400e-02,1.68591000e+00,-1.53590200e-08,-1.53590200e-08,4.88914800e+00
1.63066080e+06,1.09227100e-02,2.97476200e-04,-8.17640700e+00,-1.10797600e+01,1.32943400e+01,1.66077000e-02,1.68591000e+00,-1.51037600e-08,-1.51037600e-08,4.88816300e+00
1.63566080e+06,1.09559900e-02,2.97512400e-04,-8.17743400e+00,-1.12111900e+01,1.32930400e+01,1.22990300e-02,1.68591000e+00,-1.48753800e-08,-1.48753800e-08,4.88738500e+00
1.64116080e+06,1.09924800e-02,2.97539600e-04,-8.17893000e+00,-1.14236700e+01,1.32913700e+01,7.56533000e-03,1.68591000e+00,-1.46281600e-08,-1.46281600e-08,4.88667600e+00
1.64666080e+06,1.10288300e-02,2.97553900e-04,-8.18079700e+00,-1.18507800e+01,1.32894700e+01,2.84140100e-03,1.68591000e+00,-1.43850500e-08,-1.43850500e-08,4.88613500e+00
1.65166080e+06,1.10617300e-02,2.97555600e-04,-8.18280000e+00,-1.21473200e+01,1.32875600e+01,-1.44181600e-03,1.68591000e+00,-1.41675400e-08,-1.41675400e-08,4.88580100e+00
1.65716080e+06,1.10977300e-02,2.97545300e-04,-8.18532000e+00,-1.15206400e+01,1.32852900e+01,-6.13831000e-03,1.68591000e+00,-1.39320800e-08,-1.39320800e-08,4.88561700e+00
1.66216080e+06,1.11302700e-02,2.97525100e-04,-8.18787800e+00,-1.12944700e+01,1.32830800e+01,-1.03921600e-02,1.68591000e+00,-1.37214300e-08,-1.37214300e-08,4.88562100e+00
1.66766080e+06,1.11658300e-02,2.97491000e-04,-8.19095800e+00,-1.11365700e+01,1.32805300e+01,-1.50521500e-02,1.68591000e+00,-1.34933800e-08,-1.34933800e-08,4.88582100e+00
1.67316080e+06,1.12011300e-02,2.97444900e-04,-8.19428900e+00,-1.10231700e+01,1.32778700e+01,-1.96902000e-02,1.68591000e+00,-1.32691300e-08,-1.32691300e-08,4.88622700e+00
1.67816080e+06,1.12329800e-02,2.97392600e-04,-8.19750900e+00,-1.09424100e+01,1.32753800e+01,-2.38861600e-02,1.68591000e+00,-1.30685000e-08,-1.30685000e-08,4.88677600e+00
1.68366080e+06,1.12677300e-02,2.97324000e-04,-8.20123400e+00,-1.08696800e+01,1.32725900e+01,-2.84778200e-02,1.68591000e+00,-1.28513000e-08,-1.28513000e-08,4.88757400e+00
1.68916080e+06,1.13021800e-02,2.97244200e-04,-8.20512000e+00,-1.08089000e+01,1.32697700e+01,-3.30429800e-02,1.68591000e+00,-1.26377200e-08,-1.26377200e-08,4.88857200e+00
1.69416080e+06,1.13332300e-02,2.97162000e-04,-8.20876900e+00,-1.07613700e+01,1.32671900e+01,-3.71688200e-02,1.68591000e+00,-1.24466300e-08,-1.24466300e-08,4.88964700e+00
1.69966080e+06,1.13670800e-02,2.97061500e-04,-8.21288400e+00,-1.07156500e+01,1.32643700e+01,-4.16789600e-02,1.68591000e+00,-1.22397800e-08,-1.22397800e-08,4.89100800e+00
1.70466080e+06,1.13975700e-02,2.96961000e-04,-8.21669600e+00,-1.06788900e+01,1.32618200e+01,-4.57517600e-02,1.68591000e+00,-1.20547100e-08,-1.20547100e-08,4.89240000e+00
1.71016080e+06,1.14308000e-02,2.96840700e-04,-8.22094500e+00,-1.06427600e+01,1.32590600e+01,-5.01996800e-02,1.68591000e+00,-1.18543600e-08,-1.18543600e-08,4.89409100e+00
1.71566080e+06,1.14637100e-02,2.96710700e-04,-8.22523000e+00,-1.06103700e+01,1.32563400e+01,-5.46111800e-02,1.68591000e+00,-1.16573500e-08,-1.16573500e-08,4.89594000e+00
1.72066080e+06,1.14933400e-02,2.96584100e-04,-8.22914200e+00,-1.05836800e+01,1.32539300e+01,-5.85872000e-02,1.68591000e+00,-1.14810900e-08,-1.14810900e-08,4.89774900e+00
1.72616080e+06,1.15256300e-02,2.96436100e-04,-8.23344700e+00,-1.05569200e+01,1.32513500e+01,-6.29191000e-02,1.68591000e+00,-1.12902800e-08,-1.12902800e-08,4.89986900e+00
1.73166080e+06,1.15576100e-02,2.96279100e-04,-8.23774000e+00,-1.05325300e+01,1.32488400e+01,-6.72024000e-02,1.68591000e+00,-1.11026400e-08,-1.11026400e-08,4.90211400e+00
1.73666080e+06,1.15864000e-02,2.96128900e-04,-8.24162400e+00,-1.05121700e+01,1.32466300e+01,-7.10490300e-02,1.68591000e+00,-1.09347600e-08,-1.09347600e-08,4.90425300e+00
1.74216080e+06,1.16177800e-02,2.95955600e-04,-8.24586900e+00,-1.04915500e+01,1.32442700e+01,-7.52215500e-02,1.68591000e+00,-1.07530300e-08,-1.07530300e-08,4.90670600e+00
1.74716080e+06,1.16460400e-02,2.95791100e-04,-8.24969900e+00,-1.04742800e+01,1.32421900e+01,-7.89543200e-02,1.68591000e+00,-1.05904400e-08,-1.05904400e-08,4.90901600e+00
1.75266080e+06,1.16768400e-02,2.95602700e-04,-8.25388200e+00,-1.04567700e+01,1.32399800e+01,-8.29846400e-02,1.68591000e+00,-1.04144300e-08,-1.04144300e-08,4.91163800e+00
1.75816080e+06,1.17073500e-02,2.95407000e-04,-8.25803500e+00,-1.04407100e+01,1.32378300e+01,-8.69245100e-02,1.68591000e+00,-1.02413500e-08,-1.02413500e-08,4.91433600e+00
1.76316080e+06,1.17348300e-02,2.95222800e-04,-8.26178900e+00,-1.04272900e+01,1.32359300e+01,-9.04169400e-02,1.68591000e+00,-1.00865000e-08,-1.00865000e-08,4.91684900e+00
1.76866080e+06,1.17647900e-02,2.95013900e-04,-8.26590300e+00,-1.04137800e+01,1.32338900e+01,-9.41474100e-02,1.68591000e+00,-9.91886400e-09,-9.91886400e-09,4.91967100e+00
1.77416080e+06,1.17944600e-02,2.94798700e-04,-8.27001200e+00,-1.04015300e+01,1.32318700e+01,-9.77469300e-02,1.68591000e+00,-9.75401700e-09,-9.75401700e-09,4.92254900e+00
1.77916080e+06,1.18212000e-02,2.94598000e-04,-8.27375300e+00,-1.03914500e+01,1.32300600e+01,-1.00892700e-01,1.68591000e+00,-9.60653400e-09,-9.60653400e-09,4.92521100e+00
1.78466080e+06,1.18503400e-02,2.94372100e-04,-8.27788300e+00,-1.03815100e+01,1.32280900e+01,-1.04199800e-01,1.68591000e+00,-9.44687700e-09,-9.44687700e-09,4.92818600e+00
1.78966080e+06,1.18766000e-02,2.94162400e-04,-8.28165900e+00,-1.03734900e+01,1.32262900e+01,-1.07055300e-01,1.68591000e+00,-9.30403800e-09,-9.30403800e-09,4.93092900e+00
1.79516080e+06,1.19052100e-02,2.93927500e-04,-8.28584300e+00,-1.03657500e+01,1.32243100e+01,-1.10018500e-01,1.68591000e+00,-9.14940900e-09,-9.14940900e-09,4.93398900e+00
1.80066080e+06,1.19335600e-02,2.93688700e-04,-8.29006100e+00,-1.03591200e+01,1.32223300e+01,-1.12784900e-01,1.68591000e+00,-8.99734900e-09,-8.99734900e-09,4.93709100e+00
1.80566080e+06,1.19590800e-02,2.93468700e-04,-8.29392500e+00,-1.03540100e+01,1.32205200e+01,-1.15122100e-01,1.68591000e+00,-8.86130700e-09,-8.86130700e-09,4.93994600e+00
1.81116080e+06,1.19869000e-02,2.93224000e-04,-8.29820000e+00,-1.03493700e+01,1.32185400e+01,-1.17492600e-01,1.68591000e+00,-8.71403600e-09,-8.71403600e-09,4.94312300e+00
1.81666080e+06,1.20144400e-02,2.92976800e-04,-8.30249200e+00,-1.03456900e+01,1.32165500e+01,-1.19650500e-01,1.68591000e+00,-8.56921200e-09,-8.56921200e-09,4.94633700e+00
1.82166080e+06,1.20392500e-02,2.92750600e-04,-8.30639500e+00,-1.03431300e+01,1.32147700e+01,-1.21427500e-01,1.68591000e+00,-8.43964400e-09,-8.43964400e-09,4.94928800e+00
1.82716080e+06,1.20662700e-02,2.92500400e-04,-8.31067600e+00,-1.03411300e+01,1.32128300e+01,-1.23180900e-01,1.68591000e+00,-8.29938000e-09,-8.29938000e-09,4.95256500e+00
1.83216080e+06,1.20906200e-02,2.92272100e-04,-8.31453900e+00,-1.03399800e+01,1.32111100e+01,-1.24595000e-01,1.68591000e+00,-8.17389200e-09,-8.17389200e-09,4.95556700e+00
1.83766080e+06,1.21171500e-02,2.92020500e-04,-8.31873900e+00,-1.03393900e+01,1.32092800e+01,-1.25957000e-01,1.68591000e+00,-8.03804500e-09,-8.03804500e-09,4.95889200e+00
1.84316080e+06,1.21434200e-02,2.91768700e-04,-8.32286800e+00,-1.03394600e+01,1.32075100e+01,-1.27122200e-01,1.68591000e+00,-7.90445600e-09,-7.90445600e-09,4.96223500e+00
1.84816080e+06,1.21670900e-02,2.91540000e-04,-8.32654200e+00,-1.03400500e+01,1.32059900e+01,-1.28015900e-01,1.68591000e+00,-7.78493900e-09,-7.78493900e-09,4.96528500e+00
1.85366080e+06,1.21929100e-02,2.91289000e-04,-8.33048000e+00,-1.03412000e+01,1.32044000e+01,-1.28822900e-01,1.68591000e+00,-7.65555600e-09,-7.65555600e-09,4.96864600e+00
1.85866080e+06,1.22161800e-02,2.91061400e-04,-8.33395200e+00,-1.03426800e+01,1.32030500e+01,-1.29401900e-01,1.68591000e+00,-7.53980200e-09,-7.53980200e-09,4.97170200e+00
1.86416080e+06,1.22415600e-02,2.90812100e-04,-8.33763800e+00,-1.03447400e+01,1.32016800e+01,-1.29874500e-01,1.68591000e+00,-7.41449400e-09,-7.41449400e-09,4.97505700e+00
1.86966080e+06,1.22667300e-02,2.90564200e-04,-8.34117100e+00,-1.03472100e+01,1.32004400e+01,-1.30180900e-01,1.68591000e+00,-7.29126800e-09,-7.29126800e-09,4.97840000e+00
1.87466080e+06,1.22894400e-02,2.90340000e-04,-8.34424100e+00,-1.03497800e+01,1.31994300e+01,-1.30320000e-01,1.68591000e+00,-7.18102200e-09,-7.18102200e-09,4.98142100e+00
1.88016080e+06,1.23142500e-02,2.90095100e-04,-8.34745500e+00,-1.03529500e+01,1.31984400e+01,-1.30324700e-01,1.68591000e+00,-7.06167600e-09,-7.06167600e-09,4.98471900e+00
1.88566080e+06,1.23388700e-02,2.89852100e-04,-8.35048900e+00,-1.03564400e+01,1.31975900e+01,-1.30178800e-01,1.68591000e+00,-6.94431400e-09,-6.94431400e-09,4.98798500e+00
1.89066080e+06,1.23611100e-02,2.89632900e-04,-8.35308700e+00,-1.03598800e+01,1.31969400e+01,-1.29919400e-01,1.68591000e+00,-6.83931500e-09,-6.83931500e-09,4.99091900e+00
1.89616080e+06,1.23854300e-02,2.89393800e-04,-8.35576700e+00,-1.03639500e+01,1.31963500e+01,-1.29498800e-01,1.68591000e+00,-6.72564800e-09,-6.72564800e-09,4.99410300e+00
1.90116080e+06,1.24074100e-02,2.89178500e-04,-8.35804000e+00,-1.03679000e+01,1.31959400e+01,-1.28996800e-01,1.68591000e+00,-6.62395500e-09,-6.62395500e-09,4.99695400e+00
1.90666080e+06,1.24314700e-02,2.88944000e-04,-8.36036000e+00,-1.03725000e+01,1.31956100e+01,-1.28316600e-01,1.68591000e+00,-6.51386700e-09,-6.51386700e-09,5.00003600e+00
1.91216080e+06,1.24553900e-02,2.88712000e-04,-8.36249400e+00,-1.03773800e+01,1.31954100e+01,-1.27506000e-01,1.68591000e+00,-6.40560900e-09,-6.40560900e-09,5.00305600e+00
1.91716080e+06,1.24770500e-02,2.88503400e-04,-8.36427500e+00,-1.03820600e+01,1.31953300e+01,-1.26659000e-01,1.68591000e+00,-6.30875500e-09,-6.30875500e-09,5.00574500e+00
1.92266080e+06,1.25007700e-02,2.88276600e-04,-8.36606600e+00,-1.03874600e+01,1.31953600e+01,-1.25609400e-01,1.68591000e+00,-6.20390600e-09,-6.20390600e-09,5.00863500e+00
1.92816080e+06,1.25244000e-02,2.88052700e-04,-8.36768500e+00,-1.03931500e+01,1.31954900e+01,-1.24439800e-01,1.68591000e+00,-6.10079900e-09,-6.10079900e-09,5.01145300e+00
1.93316080e+06,1.25458100e-02,2.87851800e-04,-8.36901400e+00,-1.03985700e+01,1.31957000e+01,-1.23275300e-01,1.68591000e+00,-6.00855400e-09,-6.00855400e-09,5.01394700e+00
1.93866080e+06,1.25692900e-02,2.87633600e-04,-8.37032800e+00,-1.04048100e+01,1.31960200e+01,-1.21886500e-01,1.68591000e+00,-5.90869400e-09,-5.90869400e-09,5.01661500e+00
1.94366080e+06,1.25905800e-02,2.87438100e-04,-8.37139400e+00,-1.04107600e+01,1.31963900e+01,-1.20528700e-01,1.68591000e+00,-5.81935400e-09,-5.81935400e-09,5.01897100e+00
1.94916080e+06,1.26139400e-02,2.87226200e-04,-8.37243400e+00,-1.04176000e+01,1.31968600e+01,-1.18934000e-01,1.68591000e+00,-5.72263800e-09,-5.72263800e-09,5.02148200e+00
1.95466080e+06,1.26372400e-02,2.87017600e-04,-8.37334300e+00,-1.04247600e+01,1.31974000e+01,-1.17237100e-01,1.68591000e+00,-5.62753000e-09,-5.62753000e-09,5.02391000e+00
1.95966080e+06,1.26583900e-02,2.86831000e-04,-8.37406200e+00,-1.04315800e+01,1.31979500e+01,-1.15609000e-01,1.68591000e+00,-5.54244100e-09,-5.54244100e-09,5.02604300e+00
1.96516080e+06,1.26816200e-02,2.86629300e-04,-8.37474200e+00,-1.04394000e+01,1.31986000e+01,-1.13728000e-01,1.68591000e+00,-5.45032700e-09,-5.45032700e-09,5.02830800e+00
1.97066080e+06,1.27048100e-02,2.86431100e-04,-8.37531000e+00,-1.04475900e+01,1.31993000e+01,-1.11756700e-01,1.68591000e+00,-5.35974500e-09,-5.35974500e-09,5.03048700e+00
1.97566080e+06,1.27258700e-02,2.86254300e-04,-8.37573300e+00,-1.04553500e+01,1.31999800e+01,-1.09889900e-01,1.68591000e+00,-5.27870500e-09,-5.27870500e-09,5.03239400e+00
1.98116080e+06,1.27490100e-02,2.86063500e-04,-8.37609700e+00,-1.04642400e+01,1.32007700e+01,-1.07758300e-01,1.68591000e+00,-5.19097500e-09,-5.19097500e-09,5.03440900e+00
1.98616080e+06,1.27700400e-02,2.85893500e-04,-8.37633600e+00,-1.04726700e+01,1.32015300e+01,-1.05753200e-01,1.68591000e+00,-5.11248600e-09,-5.11248600e-09,5.03616600e+00
1.99166080e+06,1.27931500e-02,2.85710300e-04,-8.37649600e+00,-1.04823000e+01,1.32024100e+01,-1.03478000e-01,1.68591000e+00,-5.02751800e-09,-5.02751800e-09,5.03801700e+00
1.99716080e+06,1.28162600e-02,2.85531200e-04,-8.37654500e+00,-1.04923300e+01,1.32033300e+01,-1.01134500e-01,1.68591000e+00,-4.94396300e-09,-4.94396300e-09,5.03978100e+00
2.00216080e+06,1.28372800e-02,2.85372000e-04,-8.37649100e+00,-1.05017900e+01,1.32042200e+01,-9.89490400e-02,1.68591000e+00,-4.86920900e-09,-4.86920900e-09,5.04130900e+00
2.00766080e+06,1.28603900e-02,2.85200900e-04,-8.37631900e+00,-1.05125900e+01,1.32052500e+01,-9.64891700e-02,1.68591000e+00,-4.78828500e-09,-4.78828500e-09,5.04290700e+00
2.01316080e+06,1.28835200e-02,2.85034100e-04,-8.37602300e+00,-1.05237900e+01,1.32063400e+01,-9.39757700e-02,1.68591000e+00,-4.70870600e-09,-4.70870600e-09,5.04441700e+00
2.01816080e+06,1.29045700e-02,2.84886200e-04,-8.37564600e+00,-1.05343300e+01,1.32073700e+01,-9.16487900e-02,1.68591000e+00,-4.63750900e-09,-4.63750900e-09,5.04571100e+00
2.02366080e+06,1.29277400e-02,2.84727700e-04,-8.37510800e+00,-1.05463400e+01,1.32085800e+01,-8.90476500e-02,1.68591000e+00,-4.56043500e-09,-4.56043500e-09,5.04704800e+00
2.02866080e+06,1.29488300e-02,2.84587400e-04,-8.37450900e+00,-1.05576400e+01,1.32097200e+01,-8.66494500e-02,1.68591000e+00,-4.49148100e-09,-4.49148100e-09,5.04818400e+00
2.03416080e+06,1.29720700e-02,2.84437300e-04,-8.37373300e+00,-1.05705000e+01,1.32110300e+01,-8.39791800e-02,1.68591000e+00,-4.41683400e-09,-4.41683400e-09,5.04934500e+00
2.03966080e+06,1.29953600e-02,2.84291700e-04,-8.37283900e+00,-1.05838400e+01,1.32123900e+01,-8.12797800e-02,1.68591000e+00,-4.34342800e-09,-4.34342800e-09,5.05041300e+00
2.04466080e+06,1.30165700e-02,2.84163200e-04,-8.37193200e+00,-1.05964000e+01,1.32136700e+01,-7.88042800e-02,1.68591000e+00,-4.27775400e-09,-4.27775400e-09,5.05130100e+00
2.05016080e+06,1.30399600e-02,2.84026100e-04,-8.37084200e+00,-1.06107500e+01,1.32151000e+01,-7.60614700e-02,1.68591000e+00,-4.20666000e-09,-4.20666000e-09,5.05218800e+00
2.05566080e+06,1.30634000e-02,2.83893600e-04,-8.36967000e+00,-1.06256700e+01,1.32165500e+01,-7.33016600e-02,1.68591000e+00,-4.13674700e-09,-4.13674700e-09,5.05298000e+00
2.06066080e+06,1.30847800e-02,2.83777100e-04,-8.36854600e+00,-1.06397900e+01,1.32178800e+01,-7.07808600e-02,1.68591000e+00,-4.07419800e-09,-4.07419800e-09,5.05362000e+00
2.06616080e+06,1.31083500e-02,2.83653400e-04,-8.36726000e+00,-1.06559800e+01,1.32193300e+01,-6.79976900e-02,1.68591000e+00,-4.00648700e-09,-4.00648700e-09,5.05423600e+00
2.07116080e+06,1.31298500e-02,2.83544900e-04,-8.36606000e+00,-1.06713300e+01,1.32206400e+01,-6.54603100e-02,1.68591000e+00,-3.94590800e-09,-3.94590800e-09,5.05471900e+00
2.07666080e+06,1.31535600e-02,2.83430000e-04,-8.36472100e+00,-1.06890100e+01,1.32220500e+01,-6.26632800e-02,1.68591000e+00,-3.88032800e-09,-3.88032800e-09,5.05516700e+00
2.08216080e+06,1.31773400e-02,2.83319800e-04,-8.36337700e+00,-1.07075700e+01,1.32234100e+01,-5.98618400e-02,1.68591000e+00,-3.81583900e-09,-3.81583900e-09,5.05553200e+00
2.08716080e+06,1.31990300e-02,2.83223700e-04,-8.36216200e+00,-1.07253000e+01,1.32246100e+01,-5.73124900e-02,1.68591000e+00,-3.75814200e-09,-3.75814200e-09,5.05579400e+00
2.09266080e+06,1.32229600e-02,2.83122600e-04,-8.36084600e+00,-1.07458200e+01,1.32258700e+01,-5.45064300e-02,1.68591000e+00,-3.69568300e-09,-3.69568300e-09,5.05601100e+00
2.09816080e+06,1.32469500e-02,2.83026200e-04,-8.35956000e+00,-1.07675400e+01,1.32270700e+01,-5.16993500e-02,1.68591000e+00,-3.63426300e-09,-3.63426300e-09,5.05615600e+00
2.10316080e+06,1.32688300e-02,2.82942800e-04,-8.35842600e+00,-1.07884300e+01,1.32281000e+01,-4.91471000e-02,1.68591000e+00,-3.57931200e-09,-3.57931200e-09,5.05623100e+00
2.10866080e+06,1.32929600e-02,2.82855700e-04,-8.35722400e+00,-1.08128000e+01,1.32291500e+01,-4.63395600e-02,1.68591000e+00,-3.51982500e-09,-3.51982500e-09,5.05625400e+00
2.11366080e+06,1.33149500e-02,2.82780800e-04,-8.35617700e+00,-1.08363900e+01,1.32300500e+01,-4.37873400e-02,1.68591000e+00,-3.46660500e-09,-3.46660500e-09,5.05622600e+00
2.11916080e+06,1.33392000e-02,2.82703100e-04,-8.35508100e+00,-1.08641000e+01,1.32309600e+01,-4.09800300e-02,1.68591000e+00,-3.40899100e-09,-3.40899100e-09,5.05614700e+00
2.12466080e+06,1.33635100e-02,2.82630400e-04,-8.35404500e+00,-1.08939100e+01,1.32317900e+01,-3.81727000e-02,1.68591000e+00,-3.35233500e-09,-3.35233500e-09,5.05602000e+00
2.12966080e+06,1.33856600e-02,2.82568700e-04,-8.35315900e+00,-1.09231000e+01,1.32324800e+01,-3.56203700e-02,1.68591000e+00,-3.30164700e-09,-3.30164700e-09,5.05586900e+00
2.13516080e+06,1.34100800e-02,2.82505500e-04,-8.35224400e+00,-1.09578700e+01,1.32331700e+01,-3.28122400e-02,1.68591000e+00,-3.24677500e-09,-3.24677500e-09,5.05566700e+00
2.14066080e+06,1.34345400e-02,2.82447500e-04,-8.35139400e+00,-1.09959100e+01,1.32337800e+01,-3.00031200e-02,1.68591000e+00,-3.19281500e-09,-3.19281500e-09,5.05543300e+00
2.14566080e+06,1.34568300e-02,2.82399100e-04,-8.35067600e+00,-1.10338600e+01,1.32342800e+01,-2.74481100e-02,1.68591000e+00,-3.14453900e-09,-3.14453900e-09,5.05519600e+00
2.15116080e+06,1.34813800e-02,2.82350800e-04,-8.34994500e+00,-1.10801000e+01,1.32347600e+01,-2.46357300e-02,1.68591000e+00,-3.09227800e-09,-3.09227800e-09,5.05491300e+00
2.15616080e+06,1.35037300e-02,2.82311300e-04,-8.34933300e+00,-1.11271200e+01,1.32351400e+01,-2.20769100e-02,1.68591000e+00,-3.04552200e-09,-3.04552200e-09,5.05463700e+00
2.16166080e+06,1.35283500e-02,2.82272900e-04,-8.34871500e+00,-1.11858100e+01,1.32355100e+01,-1.92594100e-02,1.68591000e+00,-2.99490600e-09,-2.99490600e-09,5.05431900e+00
2.16716080e+06,1.35530100e-02,2.82239600e-04,-8.34815200e+00,-1.12540400e+01,1.32358200e+01,-1.64385300e-02,1.68591000e+00,-2.94513200e-09,-2.94513200e-09,5.05398700e+00
2.17216080e+06,1.35754500e-02,2.82214000e-04,-8.34768600e+00,-1.13273400e+01,1.32360500e+01,-1.38708000e-02,1.68591000e+00,-2.90060100e-09,-2.90060100e-09,5.05367700e+00
2.17766080e+06,1.36001600e-02,2.82190700e-04,-8.34721900e+00,-1.14259200e+01,1.32362700e+01,-1.10423600e-02,1.68591000e+00,-2.85239400e-09,-2.85239400e-09,5.05332800e+00
2.18316080e+06,1.36249000e-02,2.82172700e-04,-8.34679900e+00,-1.15542500e+01,1.32364400e+01,-8.20958700e-03,1.68591000e+00,-2.80498900e-09,-2.80498900e-09,5.05297500e+00
2.18816080e+06,1.36474100e-02,2.82160900e-04,-8.34645400e+00,-1.17176800e+01,1.32365700e+01,-5.63050600e-03,1.68591000e+00,-2.76257600e-09,-2.76257600e-09,5.05265200e+00
2.19366080e+06,1.36721900e-02,2.82153100e-04,-8.34611300e+00,-1.20223800e+01,1.32366700e+01,-2.78938900e-03,1.68591000e+00,-2.71666400e-09,-2.71666400e-09,5.05229600e+00
2.19866080e+06,1.36947300e-02,2.82150500e-04,-8.34583500e+00,-1.31599700e+01,1.32367400e+01,-2.03054100e-04,1.68591000e+00,-2.67558700e-09,-2.67558700e-09,5.05197400e+00
2.20416080e+06,1.37195400e-02,2.82152800e-04,-8.34556300e+00,-1.20448800e+01,1.32367800e+01,2.64523900e-03,1.68591000e+00,-2.63112000e-09,-2.63112000e-09,5.05162200e+00
2.20966080e+06,1.37443700e-02,2.82160400e-04,-8.34532500e+00,-1.17270500e+01,1.32368000e+01,5.49615900e-03,1.68591000e+00,-2.58739200e-09,-2.58739200e-09,5.05127500e+00
2.21466080e+06,1.37669500e-02,2.82172000e-04,-8.34513500e+00,-1.15590200e+01,1.32367900e+01,8.08913400e-03,1.68591000e+00,-2.54827000e-09,-2.54827000e-09,5.05096500e+00
2.22016080e+06,1.37918000e-02,2.82189900e-04,-8.34495700e+00,-1.14276700e+01,1.32367600e+01,1.09412000e-02,1.68591000e+00,-2.50591800e-09,-2.50591800e-09,5.05063000e+00
2.22516080e+06,1.38144000e-02,2.82210800e-04,-8.34482300e+00,-1.13352400e+01,1.32367200e+01,1.35320300e-02,1.68591000e+00,-2.46802800e-09,-2.46802800e-09,5.05033200e+00
2.23066080e+06,1.38392600e-02,2.82238900e-04,-8.34470600e+00,-1.12522400e+01,1.32366400e+01,1.63772600e-02,1.68591000e+00,-2.42701100e-09,-2.42701100e-09,5.05001400e+00
2.23616080e+06,1.38641400e-02,2.82272300e-04,-8.34462400e+00,-1.11827700e+01,1.32365400e+01,1.92143200e-02,1.68591000e+00,-2.38667500e-09,-2.38667500e-09,5.04970600e+00
2.24116080e+06,1.38867500e-02,2.82307300e-04,-8.34458300e+00,-1.11282400e+01,1.32364300e+01,2.17829500e-02,1.68591000e+00,-2.35058800e-09,-2.35058800e-09,5.04943700e+00
2.24666080e+06,1.39116300e-02,2.82350900e-04,-8.34458000e+00,-1.10755400e+01,1.32362700e+01,2.45924300e-02,1.68591000e+00,-2.31152200e-09,-2.31152200e-09,5.04915300e+00
2.25216080e+06,1.39365000e-02,2.82399800e-04,-8.34462600e+00,-1.10289600e+01,1.32360800e+01,2.73796800e-02,1.68591000e+00,-2.27310500e-09,-2.27310500e-09,5.04888400e+00
2.25716080e+06,1.39591100e-02,2.82448700e-04,-8.34471800e+00,-1.09909600e+01,1.32358700e+01,2.98888500e-02,1.68591000e+00,-2.23873500e-09,-2.23873500e-09,5.04865300e+00
2.26266080e+06,1.39839700e-02,2.82507400e-04,-8.34488100e+00,-1.09532000e+01,1.32356000e+01,3.26151400e-02,1.68591000e+00,-2.20152900e-09,-2.20152900e-09,5.04841800e+00
2.26766080e+06,1.40065700e-02,2.82565100e-04,-8.34509500e+00,-1.09220600e+01,1.32353000e+01,3.50564400e-02,1.68591000e+00,-2.16824100e-09,-2.16824100e-09,5.04822200e+00
2.27316080e+06,1.40314100e-02,2.82633400e-04,-8.34541300e+00,-1.08908700e+01,1.32349200e+01,3.76932100e-02,1.68591000e+00,-2.13220600e-09,-2.13220600e-09,5.04802900e+00
2.27866080e+06,1.40562200e-02,2.82706500e-04,-8.34582900e+00,-1.08625500e+01,1.32344600e+01,4.02704800e-02,1.68591000e+00,-2.09676900e-09,-2.09676900e-09,5.04786400e+00
2.28366080e+06,1.40787600e-02,2.82777100e-04,-8.34630300e+00,-1.08390500e+01,1.32339800e+01,4.25543200e-02,1.68591000e+00,-2.06506600e-09,-2.06506600e-09,5.04774000e+00
2.28916080e+06,1.41035200e-02,2.82859000e-04,-8.34693900e+00,-1.08154600e+01,1.32333700e+01,4.49933800e-02,1.68591000e+00,-2.03074500e-09,-2.03074500e-09,5.04763800e+00
2.29466080e+06,1.41282400e-02,2.82945200e-04,-8.34770700e+00,-1.07940500e+01,1.32326700e+01,4.73478000e-02,1.68591000e+00,-1.99699500e-09,-1.99699500e-09,5.04757400e+00
2.29966080e+06,1.41506700e-02,2.83027300e-04,-8.34852700e+00,-1.07763500e+01,1.32319400e+01,4.94084400e-02,1.68591000e+00,-1.96680000e-09,-1.96680000e-09,5.04755400e+00
2.30516080e+06,1.41753000e-02,2.83121200e-04,-8.34956900e+00,-1.07586700e+01,1.32310500e+01,5.15815300e-02,1.68591000e+00,-1.93411200e-09,-1.93411200e-09,5.04757800e+00
2.31016080e+06,1.41976200e-02,2.83209900e-04,-8.35064900e+00,-1.07441200e+01,1.32301500e+01,5.34678000e-02,1.68591000e+00,-1.90486800e-09,-1.90486800e-09,5.04764600e+00
2.31566080e+06,1.42221200e-02,2.83310700e-04,-8.35198200e+00,-1.07296800e+01,1.32290600e+01,5.54411200e-02,1.68591000e+00,-1.87321000e-09,-1.87321000e-09,5.04777500e+00
2.32116080e+06,1.42465300e-02,2.83414800e-04,-8.35346900e+00,-1.07167600e+01,1.32278800e+01,5.73059400e-02,1.68591000e+00,-1.84207800e-09,-1.84207800e-09,5.04796500e+00
2.32616080e+06,1.42686500e-02,2.83512000e-04,-8.35495100e+00,-1.07062400e+01,1.32267200e+01,5.89064600e-02,1.68591000e+00,-1.81422500e-09,-1.81422500e-09,5.04819500e+00
2.33166080e+06,1.42928900e-02,2.83621500e-04,-8.35671900e+00,-1.06959100e+01,1.32253600e+01,6.05634200e-02,1.68591000e+00,-1.78407400e-09,-1.78407400e-09,5.04851300e+00
2.33716080e+06,1.43170300e-02,2.83733400e-04,-8.35862300e+00,-1.06867900e+01,1.32239200e+01,6.21136300e-02,1.68591000e+00,-1.75442300e-09,-1.75442300e-09,5.04890400e+00
2.34216080e+06,1.43388800e-02,2.83837200e-04,-8.36046400e+00,-1.06794600e+01,1.32225600e+01,6.34326600e-02,1.68591000e+00,-1.72789600e-09,-1.72789600e-09,5.04932300e+00
2.34766080e+06,1.43628000e-02,2.83953200e-04,-8.36259900e+00,-1.06723700e+01,1.32210000e+01,6.47876800e-02,1.68591000e+00,-1.69917900e-09,-1.69917900e-09,5.04985600e+00
2.35266080e+06,1.43844500e-02,2.84060200e-04,-8.36463100e+00,-1.06667200e+01,1.32195400e+01,6.59357400e-02,1.68591000e+00,-1.67348700e-09,-1.67348700e-09,5.05040700e+00
2.35816080e+06,1.44081400e-02,2.84179500e-04,-8.36695400e+00,-1.06613200e+01,1.32179000e+01,6.71106900e-02,1.68591000e+00,-1.64567400e-09,-1.64567400e-09,5.05108600e+00
2.36366080e+06,1.44317000e-02,2.84300100e-04,-8.36935500e+00,-1.06566900e+01,1.32162400e+01,6.81981900e-02,1.68591000e+00,-1.61832400e-09,-1.61832400e-09,5.05184200e+00
2.36866080e+06,1.44530100e-02,2.84410800e-04,-8.37159600e+00,-1.06530800e+01,1.32147100e+01,6.91150500e-02,1.68591000e+00,-1.59385400e-09,-1.59385400e-09,5.05259600e+00
2.37416080e+06,1.44763200e-02,2.84533500e-04,-8.37411300e+00,-1.06497100e+01,1.32130200e+01,7.00491300e-02,1.68591000e+00,-1.56736500e-09,-1.56736500e-09,5.05349600e+00
2.37966080e+06,1.44994900e-02,2.84657100e-04,-8.37667100e+00,-1.06469100e+01,1.32113400e+01,7.09098000e-02,1.68591000e+00,-1.54131600e-09,-1.54131600e-09,5.05446800e+00
2.38466080e+06,1.45204400e-02,2.84770200e-04,-8.37902200e+00,-1.06448100e+01,1.32098200e+01,7.16323700e-02,1.68591000e+00,-1.51801100e-09,-1.51801100e-09,5.05541300e+00
2.39016080e+06,1.45433500e-02,2.84895000e-04,-8.38162600e+00,-1.06429400e+01,1.32081700e+01,7.23653700e-02,1.68591000e+00,-1.49278200e-09,-1.49278200e-09,5.05651600e+00
2.39516080e+06,1.45640600e-02,2.85009000e-04,-8.38400100e+00,-1.06416000e+01,1.32066900e+01,7.29788800e-02,1.68591000e+00,-1.47021100e-09,-1.47021100e-09,5.05757500e+00
2.40066080e+06,1.45867100e-02,2.85134700e-04,-8.38661200e+00,-1.06404800e+01,1.32051000e+01,7.35991500e-02,1.68591000e+00,-1.44577700e-09,-1.44577700e-09,5.05879900e+00
2.40616080e+06,1.46092200e-02,2.85260700e-04,-8.38921100e+00,-1.06397000e+01,1.32035500e+01,7.41657000e-02,1.68591000e+00,-1.42174900e-09,-1.42174900e-09,5.06007900e+00
2.41116080e+06,1.46295700e-02,2.85375400e-04,-8.39155700e+00,-1.06392500e+01,1.32021800e+01,7.46369300e-02,1.68591000e+00,-1.40025100e-09,-1.40025100e-09,5.06129000e+00
2.41666080e+06,1.46518300e-02,2.85501600e-04,-8.39411000e+00,-1.06390100e+01,1.32007200e+01,7.51098800e-02,1.68591000e+00,-1.37698000e-09,-1.37698000e-09,5.06267000e+00
2.42216080e+06,1.46739600e-02,2.85627900e-04,-8.39662800e+00,-1.06390100e+01,1.31993200e+01,7.55379700e-02,1.68591000e+00,-1.35409500e-09,-1.35409500e-09,5.06409500e+00
2.42716080e+06,1.46939700e-02,2.85742700e-04,-8.39887900e+00,-1.06392000e+01,1.31981000e+01,7.58903500e-02,1.68591000e+00,-1.33362100e-09,-1.33362100e-09,5.06542700e+00
2.43266080e+06,1.47158600e-02,2.85868900e-04,-8.40130700e+00,-1.06395900e+01,1.31968100e+01,7.62396300e-02,1.68591000e+00,-1.31145600e-09,-1.31145600e-09,5.06692700e+00
2.43766080e+06,1.47356600e-02,2.85983500e-04,-8.40346500e+00,-1.06401000e+01,1.31957000e+01,7.65239900e-02,1.68591000e+00,-1.29162700e-09,-1.29162700e-09,5.06832000e+00
2.44316080e+06,1.47573200e-02,2.86109300e-04,-8.40577900e+00,-1.06408000e+01,1.31945500e+01,7.68020300e-02,1.68591000e+00,-1.27016100e-09,-1.27016100e-09,5.06988000e+00
2.44866080e+06,1.47788700e-02,2.86235000e-04,-8.40802400e+00,-1.06416400e+01,1.31934700e+01,7.70452600e-02,1.68591000e+00,-1.24905100e-09,-1.24905100e-09,5.07146500e+00
2.45366080e+06,1.47983700e-02,2.86349000e-04,-8.41000100e+00,-1.06425000e+01,1.31925500e+01,7.72374100e-02,1.68591000e+00,-1.23016500e-09,-1.23016500e-09,5.07292300e+00
2.45916080e+06,1.48197100e-02,2.86474100e-04,-8.41209900e+00,-1.06435500e+01,1.31916200e+01,7.74180800e-02,1.68591000e+00,-1.20972000e-09,-1.20972000e-09,5.07454300e+00
2.46466080e+06,1.48409600e-02,2.86598900e-04,-8.41411200e+00,-1.06447000e+01,1.31907600e+01,7.75676500e-02,1.68591000e+00,-1.18961500e-09,-1.18961500e-09,5.07617500e+00
2.46966080e+06,1.48601900e-02,2.86712100e-04,-8.41586400e+00,-1.06458200e+01,1.31900600e+01,7.76774200e-02,1.68591000e+00,-1.17162800e-09,-1.17162800e-09,5.07766500e+00
2.47516080e+06,1.48812500e-02,2.86836200e-04,-8.41770000e+00,-1.06471100e+01,1.31893600e+01,7.77700400e-02,1.68591000e+00,-1.15215600e-09,-1.15215600e-09,5.07930800e+00
2.48016080e+06,1.49003300e-02,2.86948700e-04,-8.41928100e+00,-1.06483400e+01,1.31888100e+01,7.78291500e-02,1.68591000e+00,-1.13473500e-09,-1.13473500e-09,5.08080200e+00
2.48566080e+06,1.49212300e-02,2.87072100e-04,-8.42092000e+00,-1.06497500e+01,1.31882800e+01,7.78670100e-02,1.68591000e+00,-1.11587600e-09,-1.11587600e-09,5.08244000e+00
2.49116080e+06,1.49420600e-02,2.87195100e-04,-8.42244900e+00,-1.06512100e+01,1.31878400e+01,7.78766900e-02,1.68591000e+00,-1.09733100e-09,-1.09733100e-09,5.08407000e+00
2.49616080e+06,1.49609400e-02,2.87306600e-04,-8.42373800e+00,-1.06525800e+01,1.31875200e+01,7.78611900e-02,1.68591000e+00,-1.08073900e-09,-1.08073900e-09,5.08554100e+00
2.50166080e+06,1.49816400e-02,2.87428800e-04,-8.42504000e+00,-1.06541200e+01,1.31872700e+01,7.78174500e-02,1.68591000e+00,-1.06277700e-09,-1.06277700e-09,5.08714300e+00
2.50716080e+06,1.50022800e-02,2.87550500e-04,-8.42621800e+00,-1.06556900e+01,1.31871100e+01,7.77456900e-02,1.68591000e+00,-1.04511500e-09,-1.04511500e-09,5.08872500e+00
2.51216080e+06,1.50209900e-02,2.87660800e-04,-8.42717400e+00,-1.06571500e+01,1.31870500e+01,7.76560400e-02,1.68591000e+00,-1.02931200e-09,-1.02931200e-09,5.09014100e+00
2.51766080e+06,1.50415400e-02,2.87781700e-04,-8.42809800e+00,-1.06587700e+01,1.31870800e+01,7.75304000e-02,1.68591000e+00,-1.01220500e-09,-1.01220500e-09,5.09167200e+00
2.52266080e+06,1.50601800e-02,2.87891200e-04,-8.42881700e+00,-1.06602800e+01,1.31871900e+01,7.73914900e-02,1.68591000e+00,-9.96900600e-10,-9.96900600e-10,5.09303500e+00
2.52816080e+06,1.50806600e-02,2.88011200e-04,-8.42947200e+00,-1.06619500e+01,1.31874200e+01,7.72114700e-02,1.68591000e+00,-9.80332500e-10,-9.80332500e-10,5.09450000e+00
2.53366080e+06,1.51011000e-02,2.88130800e-04,-8.42998300e+00,-1.06636400e+01,1.31877500e+01,7.70030200e-02,1.68591000e+00,-9.64039800e-10,-9.64039800e-10,5.09592500e+00
2.53866080e+06,1.51196700e-02,2.88239100e-04,-8.43032100e+00,-1.06652000e+01,1.31881400e+01,7.67891800e-02,1.68591000e+00,-9.49463300e-10,-9.49463300e-10,5.09718100e+00
2.54416080e+06,1.51400900e-02,2.88357700e-04,-8.43055600e+00,-1.06669400e+01,1.31886600e+01,7.65278400e-02,1.68591000e+00,-9.33683600e-10,-9.33683600e-10,5.09851800e+00
2.54966080e+06,1.51604900e-02,2.88475900e-04,-8.43064900e+00,-1.06686800e+01,1.31892700e+01,7.62402900e-02,1.68591000e+00,-9.18166100e-10,-9.18166100e-10,5.09980400e+00
2.55466080e+06,1.51790400e-02,2.88582900e-04,-8.43061600e+00,-1.06702900e+01,1.31899100e+01,7.59574600e-02,1.68591000e+00,-9.04283300e-10,-9.04283300e-10,5.10092600e+00
2.56016080e+06,1.51994500e-02,2.88700200e-04,-8.43045700e+00,-1.06720600e+01,1.31906800e+01,7.56246200e-02,1.68591000e+00,-8.89254400e-10,-8.89254400e-10,5.10210600e+00
2.56516080e+06,1.52180100e-02,2.88806400e-04,-8.43020700e+00,-1.06736800e+01,1.31914500e+01,7.53040300e-02,1.68591000e+00,-8.75808700e-10,-8.75808700e-10,5.10312700e+00
2.57066080e+06,1.52384500e-02,2.88922800e-04,-8.42982300e+00,-1.06754700e+01,1.31923500e+01,7.49336300e-02,1.68591000e+00,-8.61253100e-10,-8.61253100e-10,5.10419200e+00
2.57616080e+06,1.52589000e-02,2.89038600e-04,-8.42933500e+00,-1.06772600e+01,1.31933200e+01,7.45465600e-02,1.68591000e+00,-8.46939400e-10,-8.46939400e-10,5.10519400e+00
2.58116080e+06,1.52775200e-02,2.89143600e-04,-8.42880600e+00,-1.06788900e+01,1.31942300e+01,7.41817000e-02,1.68591000e+00,-8.34133500e-10,-8.34133500e-10,5.10604900e+00
2.58666080e+06,1.52980200e-02,2.89258500e-04,-8.42813800e+00,-1.06806900e+01,1.31952900e+01,7.37674800e-02,1.68591000e+00,-8.20270500e-10,-8.20270500e-10,5.10692800e+00
2.59216080e+06,1.53185600e-02,2.89373000e-04,-8.42738400e+00,-1.06824900e+01,1.31963800e+01,7.33411900e-02,1.68591000e+00,-8.06638000e-10,-8.06638000e-10,5.10774100e+00
