t,max_slip_rate,moment_density_rate
0.00000000e+00,-1.20000000e+01,0.00000000e+00
5.00000000e+03,-1.14702600e+01,2.40504400e+04
1.05000000e+04,-1.08703200e+01,2.64829100e+04
1.55000000e+04,-1.03633200e+01,3.16771600e+04
2.10000000e+04,-9.84126300e+00,4.56274400e+04
2.65000000e+04,-9.35111300e+00,8.11926500e+04
3.15000000e+04,-8.92976200e+00,1.59001100e+05
3.70000000e+04,-8.49098300e+00,3.62845100e+05
4.20000000e+04,-8.11548800e+00,7.83419600e+05
4.75000000e+04,-7.73484500e+00,1.77477200e+06
5.30000000e+04,-7.40468200e+00,3.69806200e+06
5.80000000e+04,-7.16950800e+00,6.37707300e+06
6.35000000e+04,-6.99794200e+00,9.89257100e+06
6.90000000e+04,-6.90622400e+00,1.36278600e+07
7.40000000e+04,-6.86246700e+00,1.79587300e+07
7.95000000e+04,-6.82182200e+00,2.55015700e+07
8.45000000e+04,-6.77045500e+00,3.59059700e+07
9.00000000e+04,-6.69944100e+00,5.05894200e+07
9.51090000e+04,-6.63103800e+00,6.70589100e+07
9.92107917e+04,-6.59388400e+00,8.09838400e+07
1.03427800e+05,-6.57576800e+00,9.57567400e+07
1.07577817e+05,-6.57377200e+00,1.09595300e+08
1.11354296e+05,-6.58672700e+00,1.19667600e+08
1.15742646e+05,-6.59803200e+00,1.34897900e+08
1.19433971e+05,-6.53243400e+00,1.55853900e+08
1.22992175e+05,-6.48538300e+00,1.77341900e+08
1.26245363e+05,-6.45501700e+00,1.98031000e+08
1.29035858e+05,-6.43591600e+00,2.19360900e+08
1.32043337e+05,-6.45365400e+00,2.39405400e+08
1.35318879e+05,-6.47766700e+00,2.40622200e+08
1.38363417e+05,-6.49260300e+00,2.37596100e+08
1.41807487e+05,-6.49602800e+00,2.39666500e+08
1.44977908e+05,-6.51100500e+00,2.38253400e+08
1.48704096e+05,-6.56054100e+00,2.13343100e+08
1.53081471e+05,-6.65313800e+00,1.80518300e+08
1.57940958e+05,-6.77019700e+00,1.60325400e+08
1.63440958e+05,-6.85469200e+00,1.47858200e+08
1.68940958e+05,-6.84521800e+00,1.44990800e+08
1.73940958e+05,-6.83343600e+00,1.51364000e+08
1.79440958e+05,-6.81344900e+00,1.68041800e+08
1.84440958e+05,-6.78484400e+00,1.93130400e+08
1.89940958e+05,-6.70634900e+00,2.33738800e+08
1.94896975e+05,-6.59039300e+00,2.89246300e+08
1.98458871e+05,-6.50518500e+00,3.36683400e+08
2.01720054e+05,-6.43460200e+00,3.73971300e+08
2.04572233e+05,-6.39564400e+00,3.96085900e+08
2.07096962e+05,-6.43272400e+00,4.00801700e+08
2.10288446e+05,-6.48193700e+00,3.82523900e+08
2.13461100e+05,-6.52844400e+00,3.70186500e+08
2.17512133e+05,-6.63356700e+00,3.55386600e+08
2.22843025e+05,-6.73455700e+00,3.21713000e+08
2.27843025e+05,-6.72392200e+00,3.04458100e+08
2.33343025e+05,-6.72893000e+00,2.94644800e+08
2.38843025e+05,-6.73452200e+00,2.89154400e+08
2.43843025e+05,-6.73634800e+00,2.89178300e+08
2.49343025e+05,-6.72249300e+00,2.95866800e+08
2.54343025e+05,-6.71049100e+00,3.07164000e+08
2.59843025e+05,-6.71891000e+00,3.16322800e+08
2.65343025e+05,-6.83170700e+00,3.00860800e+08
2.70343025e+05,-6.90678100e+00,2.78854500e+08
2.75843025e+05,-6.89630400e+00,2.67659200e+08
2.81343025e+05,-6.90110800e+00,2.68824900e+08
2.86343025e+05,-6.90650700e+00,2.77906100e+08
2.91843025e+05,-6.82671500e+00,2.95480000e+08
2.96843025e+05,-6.75361200e+00,3.18602800e+08
3.02301700e+05,-6.66987800e+00,3.54212500e+08
3.07021367e+05,-6.58759700e+00,3.99871100e+08
3.10640838e+05,-6.52342300e+00,4.46656600e+08
3.14109875e+05,-6.47624800e+00,5.02891900e+08
3.17462888e+05,-6.49021100e+00,5.53450700e+08
3.20468954e+05,-6.46962200e+00,5.93831100e+08
3.23772900e+05,-6.50516300e+00,6.29815000e+08
3.27298325e+05,-6.55689500e+00,6.27489400e+08
3.31274296e+05,-6.56842200e+00,5.98322200e+08
3.35530546e+05,-6.61420600e+00,5.50178000e+08
3.39855125e+05,-6.66241500e+00,5.11362800e+08
3.45160796e+05,-6.70881800e+00,4.81094300e+08
3.50160796e+05,-6.75956800e+00,4.57297400e+08
3.55660796e+05,-6.89581400e+00,4.24657900e+08
3.61160796e+05,-6.94211400e+00,3.84062600e+08
3.66160796e+05,-6.90535200e+00,3.25678200e+08
3.71660796e+05,-6.88009100e+00,2.92281900e+08
3.77160796e+05,-6.86732700e+00,2.71861400e+08
3.82160796e+05,-6.86298500e+00,2.59242800e+08
3.87660796e+05,-6.86350800e+00,2.49395600e+08
3.92660796e+05,-6.86784600e+00,2.42924100e+08
3.98160796e+05,-6.87920200e+00,2.37439700e+08
4.03660796e+05,-6.91019100e+00,2.31762600e+08
4.08660796e+05,-6.97465100e+00,2.23817900e+08
4.14160796e+05,-7.00279600e+00,2.12086900e+08
4.19660796e+05,-7.04970900e+00,2.00924700e+08
4.24660796e+05,-7.09512900e+00,1.92135900e+08
4.30160796e+05,-7.11312600e+00,1.83822200e+08
4.35160796e+05,-7.08747600e+00,1.77969800e+08
4.40660796e+05,-7.06055100e+00,1.73677400e+08
4.46160796e+05,-7.03457500e+00,1.71381300e+08
4.51160796e+05,-7.01142600e+00,1.70704500e+08
4.56660796e+05,-6.98613500e+00,1.71199900e+08
4.62160796e+05,-6.96089600e+00,1.72706500e+08
4.67160796e+05,-6.93856500e+00,1.74716000e+08
4.72660796e+05,-6.91797200e+00,1.77314600e+08
4.77660796e+05,-6.91303900e+00,1.79401900e+08
4.83160796e+05,-6.93070300e+00,1.79664000e+08
4.88660796e+05,-6.93206500e+00,1.76393900e+08
4.93660796e+05,-6.96216500e+00,1.71064100e+08
4.99160796e+05,-7.04091400e+00,1.62581800e+08
5.04660796e+05,-7.09185400e+00,1.52376700e+08
5.09660796e+05,-7.11097500e+00,1.44078600e+08
5.15160796e+05,-7.13805700e+00,1.37073000e+08
5.20160796e+05,-7.16372700e+00,1.32344800e+08
5.25660796e+05,-7.19060700e+00,1.28445700e+08
5.31160796e+05,-7.21511600e+00,1.25516400e+08
5.36160796e+05,-7.23530500e+00,1.23456500e+08
5.41660796e+05,-7.25573900e+00,1.21664100e+08
5.47160796e+05,-7.27536100e+00,1.20208600e+08
5.52160796e+05,-7.29383300e+00,1.19053900e+08
5.57660796e+05,-7.31680000e+00,1.17836700e+08
5.62660796e+05,-7.31739400e+00,1.16667500e+08
5.68160796e+05,-7.31764500e+00,1.15210200e+08
5.73660796e+05,-7.31962600e+00,1.13516400e+08
5.78660796e+05,-7.32384800e+00,1.11764700e+08
5.84160796e+05,-7.33257200e+00,1.09611900e+08
5.89660796e+05,-7.34746200e+00,1.07201400e+08
5.94660796e+05,-7.36808800e+00,1.04739400e+08
6.00160796e+05,-7.39675100e+00,1.01693600e+08
6.05160796e+05,-7.41047600e+00,9.86444800e+07
6.10660796e+05,-7.42253600e+00,9.51065600e+07
6.16160796e+05,-7.43613500e+00,9.15657600e+07
6.21160796e+05,-7.44945400e+00,8.84983400e+07
6.26660796e+05,-7.46475800e+00,8.54019500e+07
6.32160796e+05,-7.48038100e+00,8.26460100e+07
6.37160796e+05,-7.49460500e+00,8.04384200e+07
6.42660796e+05,-7.51006500e+00,7.83158400e+07
6.47660796e+05,-7.52381400e+00,7.66368800e+07
6.53160796e+05,-7.53849500e+00,7.50335800e+07
6.58660796e+05,-7.55264100e+00,7.36542000e+07
6.63660796e+05,-7.56499900e+00,7.25704900e+07
6.69160796e+05,-7.57802300e+00,7.15427100e+07
6.74660796e+05,-7.58541600e+00,7.06661000e+07
6.79660796e+05,-7.59116100e+00,6.99843100e+07
6.85160796e+05,-7.59699900e+00,6.93452400e+07
6.90160796e+05,-7.60189700e+00,6.88525200e+07
6.95660796e+05,-7.60688600e+00,6.83944200e+07
7.01160796e+05,-7.61154000e+00,6.80113000e+07
7.06160796e+05,-7.61557200e+00,6.77174900e+07
7.11660796e+05,-7.61992200e+00,6.74430400e+07
7.16660796e+05,-7.62394200e+00,6.72283200e+07
7.22160796e+05,-7.62863500e+00,6.70198300e+07
7.27660796e+05,-7.63385100e+00,6.68294500e+07
7.32660796e+05,-7.63928200e+00,6.66628400e+07
7.38160796e+05,-7.64629100e+00,6.64768400e+07
7.43660796e+05,-7.65003500e+00,6.62783200e+07
7.48660796e+05,-7.64418700e+00,6.60796100e+07
7.54160796e+05,-7.63935700e+00,6.58345400e+07
7.59160796e+05,-7.63636900e+00,6.55839500e+07
7.64660796e+05,-7.63455700e+00,6.52762000e+07
7.70160796e+05,-7.63421000e+00,6.49362100e+07
7.75160796e+05,-7.63508500e+00,6.46027500e+07
7.80660796e+05,-7.63725400e+00,6.42152200e+07
7.86160796e+05,-7.64057400e+00,6.38137400e+07
7.91160796e+05,-7.64448200e+00,6.34438600e+07
7.96660796e+05,-7.64963900e+00,6.30393600e+07
8.01660796e+05,-7.65499900e+00,6.26800100e+07
8.07160796e+05,-7.66151600e+00,6.23000200e+07
8.12660796e+05,-7.66306800e+00,6.19412900e+07
8.17660796e+05,-7.66158200e+00,6.16371600e+07
8.23160796e+05,-7.65994100e+00,6.13297000e+07
8.28660796e+05,-7.65829600e+00,6.10527500e+07
8.33660796e+05,-7.65679900e+00,6.08286800e+07
8.39160796e+05,-7.65515700e+00,6.06134300e+07
8.44160796e+05,-7.65367300e+00,6.04464400e+07
8.49660796e+05,-7.65205900e+00,6.02943100e+07
8.55160796e+05,-7.64894800e+00,6.01749400e+07
8.60160796e+05,-7.64614400e+00,6.00943700e+07
8.65660796e+05,-7.64314500e+00,6.00357800e+07
8.71160796e+05,-7.64024700e+00,6.00076600e+07
8.76160796e+05,-7.63771000e+00,6.00074700e+07
8.81660796e+05,-7.63504200e+00,6.00337300e+07
8.86660796e+05,-7.63274800e+00,6.00800500e+07
8.92160796e+05,-7.63039900e+00,6.01534700e+07
8.97660796e+05,-7.62827400e+00,6.02475000e+07
9.02660796e+05,-7.62658400e+00,6.03477600e+07
9.08160796e+05,-7.62506100e+00,6.04700600e+07
9.13660796e+05,-7.62398400e+00,6.05995900e+07
9.18660796e+05,-7.62349400e+00,6.07181200e+07
9.24160796e+05,-7.62363500e+00,6.08423600e+07
9.29160796e+05,-7.62453300e+00,6.09428400e+07
9.34660796e+05,-7.62657100e+00,6.10313800e+07
9.40160796e+05,-7.62995700e+00,6.10881800e+07
9.45160796e+05,-7.63444000e+00,6.11053000e+07
9.50660796e+05,-7.64118500e+00,6.10800300e+07
9.56160796e+05,-7.65010000e+00,6.10046300e+07
9.61160796e+05,-7.66028700e+00,6.08919400e+07
9.66660796e+05,-7.67392800e+00,6.07222300e+07
9.71660796e+05,-7.68857900e+00,6.05319100e+07
9.77160796e+05,-7.70709000e+00,6.02921400e+07
9.82660796e+05,-7.72788500e+00,6.00324000e+07
9.87660796e+05,-7.73251900e+00,5.97900600e+07
9.93160796e+05,-7.73311000e+00,5.95285600e+07
9.98660796e+05,-7.73380700e+00,5.92834300e+07
1.00366080e+06,-7.73450300e+00,5.90826600e+07
1.00916080e+06,-7.73530400e+00,5.88924700e+07
1.01416080e+06,-7.73603100e+00,5.87512300e+07
1.01966080e+06,-7.73679500e+00,5.86331000e+07
1.02516080e+06,-7.73748800e+00,5.85549400e+07
1.03016080e+06,-7.73803200e+00,5.85183600e+07
1.03566080e+06,-7.73851200e+00,5.85149800e+07
1.04116080e+06,-7.73885300e+00,5.85485100e+07
1.04616080e+06,-7.73903400e+00,5.86091800e+07
1.05166080e+06,-7.73908900e+00,5.87068700e+07
1.05666080e+06,-7.73901200e+00,5.88216900e+07
1.06216080e+06,-7.73880200e+00,5.89740600e+07
1.06766080e+06,-7.73848300e+00,5.91510200e+07
1.07266080e+06,-7.73812800e+00,5.93308100e+07
1.07816080e+06,-7.73770800e+00,5.95466600e+07
1.08316080e+06,-7.73734500e+00,5.97568900e+07
1.08866080e+06,-7.73703300e+00,6.00007300e+07
1.09416080e+06,-7.73689400e+00,6.02547600e+07
1.09916080e+06,-7.73700400e+00,6.04918800e+07
1.10466080e+06,-7.73749100e+00,6.07565100e+07
1.11016080e+06,-7.73848900e+00,6.10219300e+07
1.11516080e+06,-7.73996300e+00,6.12611100e+07
1.12066080e+06,-7.74234900e+00,6.15187800e+07
1.12566080e+06,-7.74534400e+00,6.17454400e+07
1.13116080e+06,-7.74479400e+00,6.19835400e+07
1.13666080e+06,-7.74248900e+00,6.22072400e+07
1.14166080e+06,-7.74103900e+00,6.23961900e+07
1.14716080e+06,-7.74015000e+00,6.25867400e+07
1.15266080e+06,-7.73999400e+00,6.27585000e+07
1.15766080e+06,-7.74048000e+00,6.28985200e+07
1.16316080e+06,-7.74168500e+00,6.30358700e+07
1.16816080e+06,-7.74337100e+00,6.31472400e+07
1.17366080e+06,-7.74584500e+00,6.32574000e+07
1.17916080e+06,-7.74892800e+00,6.33577600e+07
1.18416080e+06,-7.75222200e+00,6.34434100e+07
1.18966080e+06,-7.75633800e+00,6.35347600e+07
1.19516080e+06,-7.76092100e+00,6.36264500e+07
1.20016080e+06,-7.76474300e+00,6.37128400e+07
1.20566080e+06,-7.75989100e+00,6.38139400e+07
1.21066080e+06,-7.75543900e+00,6.39135700e+07
1.21616080e+06,-7.75051200e+00,6.40338400e+07
1.22166080e+06,-7.74556800e+00,6.41673500e+07
1.22666080e+06,-7.74107100e+00,6.43017500e+07
1.23216080e+06,-7.73613100e+00,6.44654100e+07
1.23766080e+06,-7.73121100e+00,6.46470000e+07
1.24266080e+06,-7.72676400e+00,6.48286400e+07
1.24816080e+06,-7.72190900e+00,6.50476100e+07
1.25316080e+06,-7.71753600e+00,6.52647900e+07
1.25866080e+06,-7.71277900e+00,6.55242800e+07
1.26416080e+06,-7.70808800e+00,6.58058600e+07
1.26916080e+06,-7.70389000e+00,6.60813600e+07
1.27466080e+06,-7.69935800e+00,6.64061000e+07
1.28016080e+06,-7.69493100e+00,6.67536400e+07
1.28516080e+06,-7.69101600e+00,6.70892500e+07
1.29066080e+06,-7.68685200e+00,6.74797400e+07
1.29566080e+06,-7.68322400e+00,6.78535700e+07
1.30116080e+06,-7.67944400e+00,6.82846400e+07
1.30666080e+06,-7.67593500e+00,6.87351300e+07
1.31166080e+06,-7.67303600e+00,6.91599400e+07
1.31716080e+06,-7.67024400e+00,6.96416800e+07
1.32266080e+06,-7.66796500e+00,7.01354000e+07
1.32766080e+06,-7.66644400e+00,7.05911500e+07
1.33316080e+06,-7.66551400e+00,7.10953600e+07
1.33816080e+06,-7.66548900e+00,7.15513600e+07
1.34366080e+06,-7.66655100e+00,7.20437700e+07
1.34916080e+06,-7.66897000e+00,7.25187300e+07
1.35416080e+06,-7.67255000e+00,7.29281500e+07
1.35966080e+06,-7.67822700e+00,7.33458700e+07
1.36516080e+06,-7.68594100e+00,7.37216100e+07
1.37016080e+06,-7.69487100e+00,7.40212700e+07
1.37566080e+06,-7.70690300e+00,7.43009600e+07
1.38066080e+06,-7.71716600e+00,7.45089200e+07
1.38616080e+06,-7.71063900e+00,7.46887300e+07
1.39166080e+06,-7.70478000e+00,7.48223700e+07
1.39666080e+06,-7.70017700e+00,7.49101200e+07
1.40216080e+06,-7.69609500e+00,7.49775700e+07
1.40766080e+06,-7.69325100e+00,7.50228500e+07
1.41266080e+06,-7.69193700e+00,7.50510200e+07
1.41816080e+06,-7.68805100e+00,7.50727400e+07
1.42316080e+06,-7.68185900e+00,7.50867200e+07
1.42866080e+06,-7.67593300e+00,7.50967900e+07
1.43416080e+06,-7.67114800e+00,7.51005600e+07
1.43916080e+06,-7.66799600e+00,7.50967700e+07
1.44466080e+06,-7.66608800e+00,7.50818900e+07
1.45016080e+06,-7.66608000e+00,7.50525600e+07
1.45516080e+06,-7.66794800e+00,7.50105700e+07
1.46066080e+06,-7.67229500e+00,7.49449400e+07
1.46566080e+06,-7.67849500e+00,7.48660800e+07
1.47116080e+06,-7.68790800e+00,7.47578000e+07
1.47666080e+06,-7.70006800e+00,7.46282700e+07
1.48166080e+06,-7.69613300e+00,7.44948700e+07
1.48716080e+06,-7.68939700e+00,7.43357100e+07
1.49216080e+06,-7.68395300e+00,7.41850700e+07
1.49766080e+06,-7.67872400e+00,7.40194600e+07
1.50316080e+06,-7.67428400e+00,7.38607600e+07
1.50816080e+06,-7.67091400e+00,7.37276900e+07
1.51366080e+06,-7.66791400e+00,7.35981000e+07
1.51916080e+06,-7.66562500e+00,7.34892100e+07
1.52416080e+06,-7.66414100e+00,7.34095500e+07
1.52966080e+06,-7.66315100e+00,7.33433000e+07
1.53466080e+06,-7.66283800e+00,7.33015300e+07
1.54016080e+06,-7.66315900e+00,7.32737400e+07
1.54566080e+06,-7.66422300e+00,7.32617500e+07
1.55066080e+06,-7.66589700e+00,7.32611100e+07
1.55616080e+06,-7.66861000e+00,7.32672400e+07
1.56166080e+06,-7.67235900e+00,7.32753700e+07
1.56666080e+06,-7.67679500e+00,7.32797600e+07
1.57216080e+06,-7.68296000e+00,7.32759900e+07
1.57716080e+06,-7.68987200e+00,7.32603000e+07
1.58266080e+06,-7.69906500e+00,7.32251200e+07
1.58816080e+06,-7.71004800e+00,7.31675800e+07
1.59316080e+06,-7.72165600e+00,7.30940100e+07
1.59866080e+06,-7.72680400e+00,7.29893400e+07
1.60416080e+06,-7.72103900e+00,7.28612900e+07
1.60916080e+06,-7.71632600e+00,7.27273700e+07
1.61466080e+06,-7.71171900e+00,7.25651500e+07
1.61966080e+06,-7.70804000e+00,7.24087500e+07
1.62516080e+06,-7.70452700e+00,7.22324300e+07
1.63066080e+06,-7.70153700e+00,7.20573200e+07
1.63566080e+06,-7.69923200e+00,7.19036800e+07
1.64116080e+06,-7.69710500e+00,7.17450000e+07
1.64666080e+06,-7.69535500e+00,7.16007000e+07
1.65166080e+06,-7.69404900e+00,7.14843500e+07
1.65716080e+06,-7.69288000e+00,7.13744800e+07
1.66216080e+06,-7.69202400e+00,7.12920800e+07
1.66766080e+06,-7.69127600e+00,7.12212500e+07
1.67316080e+06,-7.69069800e+00,7.11712600e+07
1.67816080e+06,-7.69029900e+00,7.11435800e+07
1.68366080e+06,-7.68998200e+00,7.11320100e+07
1.68916080e+06,-7.68978400e+00,7.11391300e+07
1.69416080e+06,-7.68970600e+00,7.11605900e+07
1.69966080e+06,-7.68974000e+00,7.11990400e+07
1.70466080e+06,-7.68989200e+00,7.12457000e+07
1.71016080e+06,-7.69022100e+00,7.13075400e+07
1.71566080e+06,-7.69075800e+00,7.13774500e+07
1.72066080e+06,-7.69147000e+00,7.14450400e+07
1.72616080e+06,-7.69256500e+00,7.15200800e+07
1.73166080e+06,-7.69406500e+00,7.15913600e+07
1.73666080e+06,-7.69586800e+00,7.16485800e+07
1.74216080e+06,-7.69844200e+00,7.16980600e+07
1.74716080e+06,-7.70142900e+00,7.17260500e+07
1.75266080e+06,-7.70556600e+00,7.17327500e+07
1.75816080e+06,-7.71074900e+00,7.17089100e+07
1.76316080e+06,-7.71650500e+00,7.16567600e+07
1.76866080e+06,-7.72413100e+00,7.15626300e+07
1.77416080e+06,-7.73324400e+00,7.14281900e+07
1.77916080e+06,-7.73989200e+00,7.12710300e+07
1.78466080e+06,-7.73793400e+00,7.10616700e+07
1.78966080e+06,-7.73628000e+00,7.08414700e+07
1.79516080e+06,-7.73459700e+00,7.05716100e+07
1.80066080e+06,-7.73304800e+00,7.02793900e+07
1.80566080e+06,-7.73174700e+00,7.00005700e+07
1.81116080e+06,-7.73042200e+00,6.96862400e+07
1.81666080e+06,-7.72919600e+00,6.93707200e+07
1.82166080e+06,-7.72815500e+00,6.90880700e+07
1.82716080e+06,-7.72708300e+00,6.87865800e+07
1.83216080e+06,-7.72616700e+00,6.85244500e+07
1.83766080e+06,-7.72522200e+00,6.82521500e+07
1.84316080e+06,-7.72434700e+00,6.79987800e+07
1.84816080e+06,-7.72362000e+00,6.77860200e+07
1.85366080e+06,-7.72291300e+00,6.75719100e+07
1.85866080e+06,-7.72237800e+00,6.73954300e+07
1.86416080e+06,-7.72194200e+00,6.72209000e+07
1.86966080e+06,-7.72171500e+00,6.70660300e+07
1.87466080e+06,-7.72174400e+00,6.69412500e+07
1.88016080e+06,-7.72210600e+00,6.68200600e+07
1.88566080e+06,-7.72290400e+00,6.67137600e+07
1.89066080e+06,-7.72338500e+00,6.66280700e+07
1.89616080e+06,-7.72302700e+00,6.65433800e+07
1.90116080e+06,-7.72264600e+00,6.64726800e+07
1.90666080e+06,-7.72216900e+00,6.63989300e+07
1.91216080e+06,-7.72163600e+00,6.63262600e+07
1.91716080e+06,-7.72111600e+00,6.62584800e+07
1.92266080e+06,-7.72052300e+00,6.61792900e+07
1.92816080e+06,-7.71993300e+00,6.60928400e+07
1.93316080e+06,-7.71942800e+00,6.60063400e+07
1.93866080e+06,-7.71894800e+00,6.59013700e+07
1.94366080e+06,-7.71862000e+00,6.57966600e+07
1.94916080e+06,-7.71843800e+00,6.56714500e+07
1.95466080e+06,-7.71851300e+00,6.55364800e+07
1.95966080e+06,-7.71887500e+00,6.54061700e+07
1.96516080e+06,-7.71968700e+00,6.52554700e+07
1.97066080e+06,-7.72104000e+00,6.50979200e+07
1.97566080e+06,-7.72284500e+00,6.49491600e+07
1.98116080e+06,-7.72558800e+00,6.47794700e+07
1.98616080e+06,-7.72888800e+00,6.46193400e+07
1.99166080e+06,-7.73354500e+00,6.44359300e+07
1.99716080e+06,-7.73942100e+00,6.42438500e+07
2.00216080e+06,-7.74593600e+00,6.40607500e+07
2.00766080e+06,-7.75450000e+00,6.38491400e+07
2.01316080e+06,-7.76460700e+00,6.36264300e+07
2.01816080e+06,-7.76224800e+00,6.34144900e+07
2.02366080e+06,-7.75888300e+00,6.31718800e+07
2.02866080e+06,-7.75630000e+00,6.29441600e+07
2.03416080e+06,-7.75397200e+00,6.26881200e+07
2.03966080e+06,-7.75216400e+00,6.24292600e+07
2.04466080e+06,-7.75095000e+00,6.21943000e+07
2.05016080e+06,-7.75005700e+00,6.19394300e+07
2.05566080e+06,-7.74958900e+00,6.16914700e+07
2.06066080e+06,-7.74949600e+00,6.14745100e+07
2.06616080e+06,-7.74971800e+00,6.12474600e+07
2.07116080e+06,-7.75017500e+00,6.10532500e+07
2.07666080e+06,-7.75091500e+00,6.08544900e+07
2.08216080e+06,-7.75185900e+00,6.06723900e+07
2.08716080e+06,-7.75285700e+00,6.05219700e+07
2.09266080e+06,-7.75407100e+00,6.03735700e+07
2.09816080e+06,-7.75536800e+00,6.02432800e+07
2.10316080e+06,-7.75659200e+00,6.01405800e+07
2.10866080e+06,-7.75795700e+00,6.00448500e+07
2.11366080e+06,-7.75919400e+00,5.99733600e+07
2.11916080e+06,-7.76052700e+00,5.99115600e+07
2.12466080e+06,-7.76181100e+00,5.98671200e+07
2.12966080e+06,-7.76292000e+00,5.98415100e+07
2.13516080e+06,-7.76406500e+00,5.98292600e+07
2.14066080e+06,-7.76511900e+00,5.98333400e+07
2.14566080e+06,-7.76599000e+00,5.98509000e+07
2.15116080e+06,-7.76685000e+00,5.98850900e+07
2.15616080e+06,-7.76753800e+00,5.99293600e+07
2.16166080e+06,-7.76819200e+00,5.99921900e+07
2.16716080e+06,-7.76874200e+00,6.00693900e+07
2.17216080e+06,-7.76915800e+00,6.01516600e+07
2.17766080e+06,-7.76953000e+00,6.02549900e+07
2.18316080e+06,-7.76982600e+00,6.03712200e+07
2.18816080e+06,-7.77004400e+00,6.04875900e+07
2.19366080e+06,-7.77024700e+00,6.06267300e+07
2.19866080e+06,-7.77042100e+00,6.07627300e+07
2.20416080e+06,-7.77062900e+00,6.09219900e+07
2.20966080e+06,-7.77089300e+00,6.10903900e+07
2.21466080e+06,-7.77121800e+00,6.12504500e+07
2.22016080e+06,-7.77171900e+00,6.14329600e+07
2.22516080e+06,-7.77235300e+00,6.16035100e+07
2.23066080e+06,-7.77331300e+00,6.17946100e+07
2.23616080e+06,-7.77381200e+00,6.19874700e+07
2.24116080e+06,-7.77284200e+00,6.21624700e+07
2.24666080e+06,-7.77205100e+00,6.23523500e+07
2.25216080e+06,-7.77161400e+00,6.25368800e+07
2.25716080e+06,-7.77159000e+00,6.26976000e+07
2.26266080e+06,-7.77205300e+00,6.28639000e+07
2.26766080e+06,-7.77299700e+00,6.30030800e+07
2.27316080e+06,-7.77470700e+00,6.31402600e+07
2.27866080e+06,-7.77722600e+00,6.32581400e+07
2.28366080e+06,-7.78031500e+00,6.33466000e+07
2.28916080e+06,-7.78469700e+00,6.34216900e+07
2.29466080e+06,-7.79021200e+00,6.34724400e+07
2.29966080e+06,-7.79628900e+00,6.34972300e+07
2.30516080e+06,-7.79874700e+00,6.35016000e+07
2.31016080e+06,-7.79502900e+00,6.34860100e+07
2.31566080e+06,-7.79149000e+00,6.34495800e+07
2.32116080e+06,-7.78852400e+00,6.33960600e+07
2.32616080e+06,-7.78631400e+00,6.33358400e+07
2.33166080e+06,-7.78439800e+00,6.32608800e+07
2.33716080e+06,-7.78299600e+00,6.31812700e+07
2.34216080e+06,-7.78214200e+00,6.31088000e+07
2.34766080e+06,-7.78163000e+00,6.30331900e+07
2.35266080e+06,-7.78152100e+00,6.29717000e+07
2.35816080e+06,-7.78175600e+00,6.29157000e+07
2.36366080e+06,-7.78232000e+00,6.28753200e+07
2.36866080e+06,-7.78308300e+00,6.28547800e+07
2.37416080e+06,-7.78416000e+00,6.28524500e+07
2.37966080e+06,-7.78544500e+00,6.28736100e+07
2.38466080e+06,-7.78676300e+00,6.29148900e+07
2.39016080e+06,-7.78834500e+00,6.29861300e+07
2.39516080e+06,-7.78987600e+00,6.30756000e+07
2.40066080e+06,-7.79159200e+00,6.32024500e+07
2.40616080e+06,-7.78028900e+00,6.33602800e+07
2.41116080e+06,-7.76984100e+00,6.35316400e+07
2.41666080e+06,-7.75815400e+00,6.37518800e+07
2.42216080e+06,-7.74625500e+00,6.40064800e+07
2.42716080e+06,-7.73524900e+00,6.42687700e+07
2.43266080e+06,-7.72293000e+00,6.45923900e+07
2.43766080e+06,-7.71153300e+00,6.49195700e+07
2.44316080e+06,-7.69877700e+00,6.53171000e+07
2.44866080e+06,-7.68578800e+00,6.57555400e+07
2.45366080e+06,-7.67378000e+00,6.61910200e+07
2.45916080e+06,-7.66035700e+00,6.67122500e+07
2.46466080e+06,-7.64671800e+00,6.72794900e+07
2.46966080e+06,-7.63415000e+00,6.78367000e+07
2.47516080e+06,-7.62016800e+00,6.84970800e+07
2.48016080e+06,-7.60735100e+00,6.91420500e+07
2.48566080e+06,-7.59320000e+00,6.99020700e+07
2.49116080e+06,-7.57909100e+00,7.07161400e+07
2.49616080e+06,-7.56642000e+00,7.15034100e+07
2.50166080e+06,-7.55283900e+00,7.24205000e+07
2.50716080e+06,-7.53990300e+00,7.33883300e+07
2.51216080e+06,-7.52902200e+00,7.43074400e+07
2.51766080e+06,-7.51848900e+00,7.53526800e+07
2.52266080e+06,-7.51075100e+00,7.63218700e+07
2.52816080e+06,-7.50499900e+00,7.73891100e+07
2.53366080e+06,-7.50302300e+00,7.84299600e+07
2.53866080e+06,-7.49582600e+00,7.93240000e+07
2.54416080e+06,-7.49055900e+00,8.02143300e+07
2.54966080e+06,-7.48978300e+00,8.09708700e+07
2.55466080e+06,-7.49385400e+00,8.15174900e+07
2.56016080e+06,-7.50434300e+00,8.19494200e+07
2.56516080e+06,-7.50890900e+00,8.21912800e+07
2.57066080e+06,-7.49813900e+00,8.23132500e+07
2.57616080e+06,-7.48976100e+00,8.23211200e+07
2.58116080e+06,-7.48447700e+00,8.22643900e+07
2.58666080e+06,-7.48150300e+00,8.21633700e+07
2.59216080e+06,-7.48182500e+00,8.20405400e+07
